date,campaign_id,campaign_name,keyword_id,keyword_search_term,device,article_id,article_title,article_author,total_cost,total_revenue,total_clicks,total_impressions
2024-03-04,stepintospring_2024_sneakerlaunch,Stepintospring 2024 Sneakerlaunch,2728,new season sneakers 2024,tablet,8551495,Must-Have Sneakers for 2024,Hayden Walker,1.1,11.7,1,11
2024-03-04,stepintospring_2024_sneakerlaunch,Stepintospring 2024 Sneakerlaunch,8746,spring running shoes,tablet,1659786,Top 10 Running Shoes to Spring Into Shape,Riley Wilson,1.18,18.72,1,23
2024-03-05,stepintospring_2024_sneakerlaunch,Stepintospring 2024 Sneakerlaunch,2728,new season sneakers 2024,tablet,8551495,Must-Have Sneakers for 2024,Hayden Walker,0.93,1.27,1,27
2024-03-05,stepintospring_2024_sneakerlaunch,Stepintospring 2024 Sneakerlaunch,7238,lightweight sneakers sale,tablet,4614018,How to Find Sneaker Deals Without Sacrificing Style,Quinn Clark,1.5,5.83,1,23
2024-03-11,stepintospring_2024_sneakerlaunch,Stepintospring 2024 Sneakerlaunch,8746,spring running shoes,tablet,7615783,Spring Running Essentials: Shoes and Gear,Alex Johnson,1.19,9.25,1,42
2024-03-13,stepintospring_2024_sneakerlaunch,Stepintospring 2024 Sneakerlaunch,2728,new season sneakers 2024,tablet,8174638,Sneaker Styles You’ll Love This Year,Morgan Davis,1.3,4.7,1,15
2024-03-13,stepintospring_2024_sneakerlaunch,Stepintospring 2024 Sneakerlaunch,7823,women’s walking shoes spring,desktop,5112506,Best Women’s Walking Shoes for Spring Strolls,Hayden Walker,1.77,6.49,1,9
2024-03-14,stepintospring_2024_sneakerlaunch,Stepintospring 2024 Sneakerlaunch,8746,spring running shoes,tablet,5753320,How to Choose the Perfect Running Shoe This Season,Cameron White,1.25,1.48,1,5
2024-03-18,stepintospring_2024_sneakerlaunch,Stepintospring 2024 Sneakerlaunch,7238,lightweight sneakers sale,tablet,3613000,Lightweight Sneakers for Travel and Running,Reagan Allen,1.37,18.44,1,13
2024-03-20,stepintospring_2024_sneakerlaunch,Stepintospring 2024 Sneakerlaunch,7238,lightweight sneakers sale,tablet,4614018,How to Find Sneaker Deals Without Sacrificing Style,Quinn Clark,1.24,18.18,1,24
2024-03-20,stepintospring_2024_sneakerlaunch,Stepintospring 2024 Sneakerlaunch,8096,breathable trainers men,desktop,1681449,Men's Trainer Buying Guide: Comfort Meets Style,Riley Wilson,1.32,13.83,1,42
2024-03-21,stepintospring_2024_sneakerlaunch,Stepintospring 2024 Sneakerlaunch,7823,women’s walking shoes spring,desktop,4616433,How to Pick Walking Shoes for Warm Weather,Casey Brown,1.76,7.19,1,32
2024-03-27,stepintospring_2024_sneakerlaunch,Stepintospring 2024 Sneakerlaunch,7823,women’s walking shoes spring,desktop,9918796,Spring Walking Shoes That Blend Comfort and Fashion,Emerson Young,1.98,15.42,1,44
2024-03-28,stepintospring_2024_sneakerlaunch,Stepintospring 2024 Sneakerlaunch,7238,lightweight sneakers sale,tablet,1689493,Best Lightweight Sneakers to Grab on Sale,Jamie Thompson,1.39,10.27,1,20
2024-04-01,stepintospring_2024_sneakerlaunch,Stepintospring 2024 Sneakerlaunch,8096,breathable trainers men,desktop,2622949,Why Breathable Trainers Are a Must for Men,Dakota Garcia,1.02,3.57,1,43
2024-04-02,stepintospring_2024_sneakerlaunch,Stepintospring 2024 Sneakerlaunch,8096,breathable trainers men,desktop,2622949,Why Breathable Trainers Are a Must for Men,Dakota Garcia,1.28,3.68,1,49
2024-04-05,stepintospring_2024_sneakerlaunch,Stepintospring 2024 Sneakerlaunch,8746,spring running shoes,tablet,1659786,Top 10 Running Shoes to Spring Into Shape,Riley Wilson,1.37,11.07,1,32
2024-04-08,stepintospring_2024_sneakerlaunch,Stepintospring 2024 Sneakerlaunch,7238,lightweight sneakers sale,tablet,1689493,Best Lightweight Sneakers to Grab on Sale,Jamie Thompson,1.39,1.66,1,28
2024-04-11,stepintospring_2024_sneakerlaunch,Stepintospring 2024 Sneakerlaunch,2728,new season sneakers 2024,tablet,8551495,Must-Have Sneakers for 2024,Hayden Walker,1.29,11.33,1,43
2024-04-11,stepintospring_2024_sneakerlaunch,Stepintospring 2024 Sneakerlaunch,8096,breathable trainers men,desktop,2622949,Why Breathable Trainers Are a Must for Men,Dakota Garcia,1.32,17.94,1,14
2024-05-20,urbanstride_shoesale_prospecting,Urbanstride Shoesale Prospecting,3024,trendy high tops women,mobile,1988453,Top High Tops for Fashion and Comfort,Sydney Lewis,1.59,16.08,1,40
2024-05-20,urbanstride_shoesale_prospecting,Urbanstride Shoesale Prospecting,6847,streetwear sneakers men,desktop,8661037,How to Style Men’s Streetwear Sneakers,Morgan Davis,2.68,17.8,1,35
2024-05-22,urbanstride_shoesale_prospecting,Urbanstride Shoesale Prospecting,6633,limited edition street shoes,desktop,3182119,Collectible Street Shoes Worth Buying,Reagan Allen,2.03,3.2,1,44
2024-05-22,urbanstride_shoesale_prospecting,Urbanstride Shoesale Prospecting,6847,streetwear sneakers men,desktop,2329279,Must-Have Sneakers for Urban Fashion,Avery Martinez,2.22,2.35,1,14
2024-05-24,urbanstride_shoesale_prospecting,Urbanstride Shoesale Prospecting,2144,urban shoe sale,mobile,2484649,Urban Shoe Styles on Sale This Month,Taylor Smith,1.24,4.6,1,37
2024-05-25,urbanstride_shoesale_prospecting,Urbanstride Shoesale Prospecting,2144,urban shoe sale,mobile,2484649,Urban Shoe Styles on Sale This Month,Taylor Smith,1.25,6.84,1,49
2024-05-27,urbanstride_shoesale_prospecting,Urbanstride Shoesale Prospecting,3024,trendy high tops women,mobile,5455015,Trendy High Tops Every Woman Needs,Reagan Allen,1.65,15.26,1,38
2024-05-27,urbanstride_shoesale_prospecting,Urbanstride Shoesale Prospecting,6847,streetwear sneakers men,desktop,3167470,Top Streetwear Sneakers for Men,Skyler Wright,2.06,13.51,1,29
2024-05-28,urbanstride_shoesale_prospecting,Urbanstride Shoesale Prospecting,3719,casual sneakers under 100,mobile,5027243,Casual Sneakers Under $100 You’ll Love,Taylor Smith,0.94,18.99,1,14
2024-05-31,urbanstride_shoesale_prospecting,Urbanstride Shoesale Prospecting,3719,casual sneakers under 100,mobile,2137248,Affordable Sneakers for All-Day Comfort,Parker Hall,1.27,13.86,1,7
2024-06-01,urbanstride_shoesale_prospecting,Urbanstride Shoesale Prospecting,6633,limited edition street shoes,desktop,3182119,Collectible Street Shoes Worth Buying,Reagan Allen,2.16,13.04,1,8
2024-06-03,cottonoak_summerbasics_lal_audience,Cottonoak Summerbasics Lal Audience,2464,organic cotton t shirts,mobile,9561906,Cotton T Shirts for a Sustainable Wardrobe,Morgan Davis,1.69,15.43,1,10
2024-06-04,urbanstride_shoesale_prospecting,Urbanstride Shoesale Prospecting,3024,trendy high tops women,mobile,5455015,Trendy High Tops Every Woman Needs,Reagan Allen,1.96,1.9,1,35
2024-06-05,cottonoak_summerbasics_lal_audience,Cottonoak Summerbasics Lal Audience,3472,sustainable basics clothing,mobile,3255038,Tips for Building a Green Wardrobe,Alex Johnson,1.15,11.52,1,16
2024-06-05,urbanstride_shoesale_prospecting,Urbanstride Shoesale Prospecting,3024,trendy high tops women,mobile,5455015,Trendy High Tops Every Woman Needs,Reagan Allen,1.95,8.74,1,42
2024-06-07,urbanstride_shoesale_prospecting,Urbanstride Shoesale Prospecting,2144,urban shoe sale,mobile,6546234,How to Choose the Best Urban Shoes,Avery Martinez,1.04,13.12,1,50
2024-06-08,cottonoak_summerbasics_lal_audience,Cottonoak Summerbasics Lal Audience,8728,eco friendly summer wear,mobile,3508093,Eco-Friendly Summer Wear to Stay Cool,Cameron White,2.77,9.5,1,43
2024-06-09,cottonoak_summerbasics_lal_audience,Cottonoak Summerbasics Lal Audience,3472,sustainable basics clothing,mobile,4120575,Sustainable Basics That Lasts,Cameron White,1.19,12.25,1,50
2024-06-10,urbanstride_shoesale_prospecting,Urbanstride Shoesale Prospecting,6633,limited edition street shoes,desktop,3222499,Limited Edition Street Shoes to Watch,Morgan Davis,1.7,4.21,1,46
2024-06-13,cottonoak_summerbasics_lal_audience,Cottonoak Summerbasics Lal Audience,8728,eco friendly summer wear,mobile,3508093,Eco-Friendly Summer Wear to Stay Cool,Cameron White,2.08,6.8,1,7
2024-06-13,homehaven_summerrefresh_search,Homehaven Summerrefresh Search,4790,refresh home style,desktop,7520225,Quick Tips to Refresh Your Home Style,Morgan Davis,2.17,1.63,1,34
2024-06-13,homehaven_summerrefresh_search,Homehaven Summerrefresh Search,8953,modern living room sets,tablet,6702968,Sleek Living Room Design Ideas,Cameron White,1.14,1.63,1,14
2024-06-14,cottonoak_summerbasics_lal_audience,Cottonoak Summerbasics Lal Audience,2464,organic cotton t shirts,mobile,9561906,Cotton T Shirts for a Sustainable Wardrobe,Morgan Davis,1.35,10.98,1,38
2024-06-14,urbanstride_shoesale_prospecting,Urbanstride Shoesale Prospecting,3719,casual sneakers under 100,mobile,5027243,Casual Sneakers Under $100 You’ll Love,Taylor Smith,1.11,17.43,1,21
2024-06-15,cottonoak_summerbasics_lal_audience,Cottonoak Summerbasics Lal Audience,8728,eco friendly summer wear,mobile,3508093,Eco-Friendly Summer Wear to Stay Cool,Cameron White,2.05,3.77,1,10
2024-06-15,homehaven_summerrefresh_search,Homehaven Summerrefresh Search,7376,affordable home accents,mobile,9602993,How to Mix Affordable Accents for a Chic Look,Hayden Walker,1.67,1.21,1,43
2024-06-21,homehaven_summerrefresh_search,Homehaven Summerrefresh Search,4790,refresh home style,desktop,1256389,Affordable Home Makeover Ideas,Cameron White,2.03,7.27,1,13
2024-06-22,cottonoak_summerbasics_lal_audience,Cottonoak Summerbasics Lal Audience,6962,linen shorts sale,desktop,5925647,Best Affordable Summer Shorts,Payton Green,1.62,1,1,11
2024-06-22,homehaven_summerrefresh_search,Homehaven Summerrefresh Search,4705,summer home décor ideas,mobile,3701765,5 Easy Summer Home Updates,Taylor Smith,1.17,5.19,1,40
2024-06-24,cottonoak_summerbasics_lal_audience,Cottonoak Summerbasics Lal Audience,3472,sustainable basics clothing,mobile,4120575,Sustainable Basics That Lasts,Cameron White,0.98,15.26,1,13
2024-06-24,cottonoak_summerbasics_lal_audience,Cottonoak Summerbasics Lal Audience,4660,neutral wardrobe staples,tablet,9393656,How to Mix and Match for Effortless Style,Alex Johnson,1.92,2.49,1,45
2024-06-24,homehaven_summerrefresh_search,Homehaven Summerrefresh Search,7376,affordable home accents,mobile,9603850,Stylish Home Accessories on a Budget,Cameron White,1.67,5.58,1,44
2024-06-25,homehaven_summerrefresh_search,Homehaven Summerrefresh Search,8953,modern living room sets,tablet,5868450,How to Choose the Right Living Room Set,Parker Hall,1.66,6.07,1,22
2024-06-25,homehaven_summerrefresh_search,Homehaven Summerrefresh Search,8953,modern living room sets,tablet,6794200,Modern Living Room Sets That Wow,Quinn Clark,1.27,15.97,1,20
2024-06-25,urbanstride_shoesale_prospecting,Urbanstride Shoesale Prospecting,2144,urban shoe sale,mobile,6546234,How to Choose the Best Urban Shoes,Avery Martinez,1.04,19.74,1,12
2024-06-26,cottonoak_summerbasics_lal_audience,Cottonoak Summerbasics Lal Audience,6962,linen shorts sale,desktop,5925647,Best Affordable Summer Shorts,Payton Green,1.68,8.07,1,37
2024-06-26,homehaven_summerrefresh_search,Homehaven Summerrefresh Search,4790,refresh home style,desktop,7865273,How to Update Your Home Without Renovation,Emerson Young,2.47,17.08,1,5
2024-06-26,urbanstride_shoesale_prospecting,Urbanstride Shoesale Prospecting,3024,trendy high tops women,mobile,1988453,Top High Tops for Fashion and Comfort,Sydney Lewis,2.06,15.55,1,41
2024-06-28,cottonoak_summerbasics_lal_audience,Cottonoak Summerbasics Lal Audience,3472,sustainable basics clothing,mobile,3255038,Tips for Building a Green Wardrobe,Alex Johnson,0.91,2.81,1,20
2024-06-28,urbanstride_shoesale_prospecting,Urbanstride Shoesale Prospecting,2144,urban shoe sale,mobile,4466633,Trending Urban Shoes for Every Season,Jamie Thompson,1.31,13.49,1,19
2024-06-29,homehaven_summerrefresh_search,Homehaven Summerrefresh Search,8953,modern living room sets,tablet,6794200,Modern Living Room Sets That Wow,Quinn Clark,1.21,18.09,1,36
2024-06-30,cottonoak_summerbasics_lal_audience,Cottonoak Summerbasics Lal Audience,6962,linen shorts sale,desktop,8880787,Linen Shorts for Warm Weather,Reagan Allen,1.83,16.39,1,50
2024-06-30,homehaven_summerrefresh_search,Homehaven Summerrefresh Search,4705,summer home décor ideas,mobile,3701765,5 Easy Summer Home Updates,Taylor Smith,1.41,5.91,1,15
2024-07-01,cottonoak_summerbasics_lal_audience,Cottonoak Summerbasics Lal Audience,4660,neutral wardrobe staples,tablet,9393656,How to Mix and Match for Effortless Style,Alex Johnson,2.48,2.65,1,30
2024-07-01,cottonoak_summerbasics_lal_audience,Cottonoak Summerbasics Lal Audience,6962,linen shorts sale,desktop,8880787,Linen Shorts for Warm Weather,Reagan Allen,1.57,14.01,1,9
2024-07-01,homehaven_summerrefresh_search,Homehaven Summerrefresh Search,4056,minimalist wall art sale,desktop,1526399,Minimalist Wall Art Pieces You’ll Love,Alex Johnson,2.32,17.11,1,17
2024-07-03,havenhome_clearance_rtg_july,Havenhome Clearance Rtg July,7025,home clearance sale,desktop,3139932,Best Deals on Furniture and Decor,Quinn Clark,2.41,11.98,1,36
2024-07-04,cottonoak_summerbasics_lal_audience,Cottonoak Summerbasics Lal Audience,2464,organic cotton t shirts,mobile,9561906,Cotton T Shirts for a Sustainable Wardrobe,Morgan Davis,1.94,17.41,1,37
2024-07-04,havenhome_clearance_rtg_july,Havenhome Clearance Rtg July,6054,discount furniture online,mobile,1252938,Discount Furniture Online You Can Trust,Skyler Wright,1.95,15.83,1,14
2024-07-04,homehaven_summerrefresh_search,Homehaven Summerrefresh Search,4790,refresh home style,desktop,7865273,How to Update Your Home Without Renovation,Emerson Young,1.94,3.63,1,5
2024-07-05,havenhome_clearance_rtg_july,Havenhome Clearance Rtg July,7025,home clearance sale,desktop,3139932,Best Deals on Furniture and Decor,Quinn Clark,2.72,14.8,1,38
2024-07-07,havenhome_clearance_rtg_july,Havenhome Clearance Rtg July,5060,outlet home accessories,desktop,3201724,How to Decorate on a Budget,Riley Wilson,1.29,4.88,1,23
2024-07-07,homehaven_summerrefresh_search,Homehaven Summerrefresh Search,4705,summer home décor ideas,mobile,3701765,5 Easy Summer Home Updates,Taylor Smith,1.34,11.38,1,25
2024-07-07,homehaven_summerrefresh_search,Homehaven Summerrefresh Search,4790,refresh home style,desktop,7520225,Quick Tips to Refresh Your Home Style,Morgan Davis,2.56,8.44,1,36
2024-07-08,havenhome_clearance_rtg_july,Havenhome Clearance Rtg July,5060,outlet home accessories,desktop,3201724,How to Decorate on a Budget,Riley Wilson,1.81,11.53,1,36
2024-07-10,cottonoak_summerbasics_lal_audience,Cottonoak Summerbasics Lal Audience,4660,neutral wardrobe staples,tablet,9393656,How to Mix and Match for Effortless Style,Alex Johnson,1.91,6.84,1,7
2024-07-10,havenhome_clearance_rtg_july,Havenhome Clearance Rtg July,5060,outlet home accessories,desktop,1722747,Budget Accessories for Every Room,Riley Wilson,1.51,12.18,1,38
2024-07-11,havenhome_clearance_rtg_july,Havenhome Clearance Rtg July,7025,home clearance sale,desktop,4292908,Tips for Scoring the Top Furniture,Payton Green,2.43,15.44,1,49
2024-07-11,homehaven_summerrefresh_search,Homehaven Summerrefresh Search,8953,modern living room sets,tablet,5868450,How to Choose the Right Living Room Set,Parker Hall,1.31,17.3,1,29
2024-07-12,cottonoak_summerbasics_lal_audience,Cottonoak Summerbasics Lal Audience,4660,neutral wardrobe staples,tablet,4472125,Neutral Wardrobe Staples Everyone Needs,Taylor Smith,2.29,5.7,1,6
2024-07-12,havenhome_clearance_rtg_july,Havenhome Clearance Rtg July,5342,summer décor deals,tablet,2178762,Summer Décor Deals That Refresh Your Home,Morgan Davis,1.75,8.75,1,38
2024-07-12,havenhome_clearance_rtg_july,Havenhome Clearance Rtg July,5342,summer décor deals,tablet,5449145,Affordable Seasonal Decorating Ideas,Quinn Clark,2.23,3.57,1,13
2024-07-12,havenhome_clearance_rtg_july,Havenhome Clearance Rtg July,6054,discount furniture online,mobile,1252938,Discount Furniture Online You Can Trust,Skyler Wright,1.97,19.72,1,40
2024-07-12,homehaven_summerrefresh_search,Homehaven Summerrefresh Search,7376,affordable home accents,mobile,9603850,Stylish Home Accessories on a Budget,Cameron White,1.6,13.67,1,45
2024-07-13,cottonoak_summerbasics_lal_audience,Cottonoak Summerbasics Lal Audience,3472,sustainable basics clothing,mobile,3255038,Tips for Building a Green Wardrobe,Alex Johnson,1.1,15.64,1,34
2024-07-13,havenhome_clearance_rtg_july,Havenhome Clearance Rtg July,7025,home clearance sale,desktop,4292908,Tips for Scoring the Top Furniture,Payton Green,2.46,17.16,1,8
2024-07-14,havenhome_clearance_rtg_july,Havenhome Clearance Rtg July,5342,summer décor deals,tablet,5449145,Affordable Seasonal Decorating Ideas,Quinn Clark,2.07,19.57,1,8
2024-07-14,homehaven_summerrefresh_search,Homehaven Summerrefresh Search,4056,minimalist wall art sale,desktop,1526399,Minimalist Wall Art Pieces You’ll Love,Alex Johnson,1.89,16.07,1,38
2024-07-15,havenhome_clearance_rtg_july,Havenhome Clearance Rtg July,7283,last chance home sale,desktop,4350957,Last Chance: Don’t Miss These Deals,Devon Scott,1.88,6.45,1,10
2024-07-15,nordicnest_bedding_promoblast,Nordicnest Bedding Promoblast,6338,soft pillowcases online,desktop,7696595,Soft Pillowcases Online for Ultimate Comfort,Reagan Allen,2.09,3.96,1,21
2024-07-15,nordicnest_bedding_promoblast,Nordicnest Bedding Promoblast,6803,minimalist bed linens,mobile,3449021,Minimalist Bed Linens That Transform Your Bedroom,Jordan Lee,1.33,10.57,1,44
2024-07-15,nordicnest_bedding_promoblast,Nordicnest Bedding Promoblast,6803,minimalist bed linens,mobile,8671190,How to Choose the Perfect Sheets and Covers,Reagan Allen,2.87,11.72,2,59
2024-07-15,nordicnest_bedding_promoblast,Nordicnest Bedding Promoblast,6827,premium bedding discount,tablet,1449546,Premium Bedding Discounts You Can’t Miss,Hayden Walker,2.64,13.15,1,24
2024-07-15,nordicnest_bedding_promoblast,Nordicnest Bedding Promoblast,6892,linen duvet cover sale,desktop,2056952,Linen Duvet Cover Sale: Affordable Luxury,Jordan Lee,1.98,18.34,1,50
2024-07-16,nordicnest_bedding_promoblast,Nordicnest Bedding Promoblast,6338,soft pillowcases online,desktop,7696595,Soft Pillowcases Online for Ultimate Comfort,Reagan Allen,2.34,11.32,1,31
2024-07-16,nordicnest_bedding_promoblast,Nordicnest Bedding Promoblast,6338,soft pillowcases online,desktop,7778644,Best Materials for a Restful Night,Payton Green,2.27,16.42,1,24
2024-07-16,nordicnest_bedding_promoblast,Nordicnest Bedding Promoblast,6827,premium bedding discount,tablet,6336176,How to Find Luxury Bedding on a Budget,Alex Johnson,6.61,42.28,3,57
2024-07-16,nordicnest_bedding_promoblast,Nordicnest Bedding Promoblast,6892,linen duvet cover sale,desktop,2056952,Linen Duvet Cover Sale: Affordable Luxury,Jordan Lee,1.84,12.89,1,20
2024-07-16,nordicnest_bedding_promoblast,Nordicnest Bedding Promoblast,6892,linen duvet cover sale,desktop,7112469,Tips for Choosing the Right Linen Bedding,Jordan Lee,3.89,17.08,2,59
2024-07-16,nordicnest_bedding_promoblast,Nordicnest Bedding Promoblast,7851,scandinavian bedding sets,desktop,3954646,How to Style Your Bedroom in Scandinavian Fashion,Hayden Walker,1.41,19.26,1,20
2024-07-17,nordicnest_bedding_promoblast,Nordicnest Bedding Promoblast,6338,soft pillowcases online,desktop,7778644,Best Materials for a Restful Night,Payton Green,2.45,16.43,1,37
2024-07-17,nordicnest_bedding_promoblast,Nordicnest Bedding Promoblast,6827,premium bedding discount,tablet,1449546,Premium Bedding Discounts You Can’t Miss,Hayden Walker,2.38,13.14,1,20
2024-07-17,nordicnest_bedding_promoblast,Nordicnest Bedding Promoblast,7851,scandinavian bedding sets,desktop,9025425,Scandinavian Bedding Sets for a Minimalist Look,Payton Green,2.9,26.84,2,43
2024-07-19,homehaven_summerrefresh_search,Homehaven Summerrefresh Search,4056,minimalist wall art sale,desktop,1526399,Minimalist Wall Art Pieces You’ll Love,Alex Johnson,2.18,10.97,1,15
2024-07-20,havenhome_clearance_rtg_july,Havenhome Clearance Rtg July,6054,discount furniture online,mobile,1673861,How to Find Quality Pieces Without Paying Full Price,Parker Hall,2.22,3.67,1,33
2024-07-21,havenhome_clearance_rtg_july,Havenhome Clearance Rtg July,7025,home clearance sale,desktop,3139932,Best Deals on Furniture and Decor,Quinn Clark,2.13,11.01,1,33
2024-07-22,havenhome_clearance_rtg_july,Havenhome Clearance Rtg July,7283,last chance home sale,desktop,1510491,How to Grab Furniture Before They’re Gone,Jordan Lee,1.54,12.42,1,22
2024-07-23,havenhome_clearance_rtg_july,Havenhome Clearance Rtg July,5342,summer décor deals,tablet,2178762,Summer Décor Deals That Refresh Your Home,Morgan Davis,1.75,14.73,1,12
2024-07-23,havenhome_clearance_rtg_july,Havenhome Clearance Rtg July,5342,summer décor deals,tablet,5449145,Affordable Seasonal Decorating Ideas,Quinn Clark,1.58,10.14,1,23
2024-07-27,havenhome_clearance_rtg_july,Havenhome Clearance Rtg July,5060,outlet home accessories,desktop,1722747,Budget Accessories for Every Room,Riley Wilson,1.39,4.77,1,24
2024-07-28,havenhome_clearance_rtg_july,Havenhome Clearance Rtg July,7283,last chance home sale,desktop,4350957,Last Chance: Don’t Miss These Deals,Devon Scott,2.11,13.39,1,9
2024-07-29,havenhome_clearance_rtg_july,Havenhome Clearance Rtg July,5060,outlet home accessories,desktop,1722747,Budget Accessories for Every Room,Riley Wilson,1.66,16.87,1,23
2024-08-02,echowear_streetstyle_engagementboost,Echowear Streetstyle Engagementboost,6165,trendy graphic hoodies,tablet,1221085,Best Graphic Hoodies for Every Season,Parker Hall,1.79,19.32,1,20
2024-08-06,echowear_streetstyle_engagementboost,Echowear Streetstyle Engagementboost,2202,best cargo pants 2024,mobile,9890715,Top Cargo Pants Picks for 2024,Hayden Walker,2.65,2.12,1,47
2024-08-09,echowear_streetstyle_engagementboost,Echowear Streetstyle Engagementboost,3880,unisex street style,desktop,6377484,How to Master Gender-Neutral Streetwear,Casey Brown,1.4,3.32,1,39
2024-08-12,echowear_streetstyle_engagementboost,Echowear Streetstyle Engagementboost,6165,trendy graphic hoodies,tablet,1221085,Best Graphic Hoodies for Every Season,Parker Hall,1.77,2.49,1,19
2024-08-13,echowear_streetstyle_engagementboost,Echowear Streetstyle Engagementboost,6165,trendy graphic hoodies,tablet,2928245,How to Pair Hoodies with Streetwear Looks,Dakota Garcia,1.21,18.39,1,22
2024-08-14,echowear_streetstyle_engagementboost,Echowear Streetstyle Engagementboost,5365,casual fashion inspo,mobile,7928909,How to Look Effortless Yet Polished,Reagan Allen,1.45,16.72,1,43
2024-08-14,echowear_streetstyle_engagementboost,Echowear Streetstyle Engagementboost,6165,trendy graphic hoodies,tablet,1221085,Best Graphic Hoodies for Every Season,Parker Hall,1.54,9.24,1,10
2024-08-14,echowear_streetstyle_engagementboost,Echowear Streetstyle Engagementboost,8375,streetwear outfits,tablet,6600980,How to Build a Trendy Urban Wardrobe,Payton Green,2.38,10.92,1,39
2024-08-15,echowear_streetstyle_engagementboost,Echowear Streetstyle Engagementboost,8375,streetwear outfits,tablet,6600980,How to Build a Trendy Urban Wardrobe,Payton Green,2.57,18.77,1,12
2024-08-17,echowear_streetstyle_engagementboost,Echowear Streetstyle Engagementboost,2202,best cargo pants 2024,mobile,9890715,Top Cargo Pants Picks for 2024,Hayden Walker,2.15,15.9,1,35
2024-08-20,echowear_streetstyle_engagementboost,Echowear Streetstyle Engagementboost,5365,casual fashion inspo,mobile,7928909,How to Look Effortless Yet Polished,Reagan Allen,1.47,10.03,1,9
2024-08-20,echowear_streetstyle_engagementboost,Echowear Streetstyle Engagementboost,5365,casual fashion inspo,mobile,8832321,Easy Outfit Ideas for Casual Style,Hayden Walker,1.53,8.12,1,21
2024-08-21,echowear_streetstyle_engagementboost,Echowear Streetstyle Engagementboost,8375,streetwear outfits,tablet,4615639,Styling Tips for Casual Streetwear Looks,Sydney Lewis,2.6,10.77,1,44
2024-08-22,echowear_streetstyle_engagementboost,Echowear Streetstyle Engagementboost,3880,unisex street style,desktop,7606464,Fashion Ideas That Work for Everyone,Rowan King,1.36,9.13,1,9
2024-08-23,echowear_streetstyle_engagementboost,Echowear Streetstyle Engagementboost,2202,best cargo pants 2024,mobile,1704630,How to Style Cargo Pants for Any Occasion,Riley Wilson,2.18,19.73,1,41
2024-08-23,echowear_streetstyle_engagementboost,Echowear Streetstyle Engagementboost,3880,unisex street style,desktop,7606464,Fashion Ideas That Work for Everyone,Rowan King,1.18,16.35,1,27
2024-08-24,echowear_streetstyle_engagementboost,Echowear Streetstyle Engagementboost,2202,best cargo pants 2024,mobile,1704630,How to Style Cargo Pants for Any Occasion,Riley Wilson,2.76,4.99,1,33
2024-08-24,echowear_streetstyle_engagementboost,Echowear Streetstyle Engagementboost,8375,streetwear outfits,tablet,4615639,Styling Tips for Casual Streetwear Looks,Sydney Lewis,2.32,18.9,1,16
2024-08-27,echowear_streetstyle_engagementboost,Echowear Streetstyle Engagementboost,5365,casual fashion inspo,mobile,8832321,Easy Outfit Ideas for Casual Style,Hayden Walker,1.11,12.95,1,8
2024-08-28,echowear_streetstyle_engagementboost,Echowear Streetstyle Engagementboost,6165,trendy graphic hoodies,tablet,1221085,Best Graphic Hoodies for Every Season,Parker Hall,1.54,11.29,1,40
2024-08-30,echowear_streetstyle_engagementboost,Echowear Streetstyle Engagementboost,8375,streetwear outfits,tablet,4615639,Styling Tips for Casual Streetwear Looks,Sydney Lewis,1.94,14.3,1,47
2024-09-01,cozythreads_fallretargeting_q3,Cozythreads Fallretargeting Q3,5071,flannel shirts sale,mobile,7240983,Best Flannel Shirts to Buy on Sale,Jamie Thompson,1.25,14.26,1,27
2024-09-03,cozythreads_fallretargeting_q3,Cozythreads Fallretargeting Q3,3108,soft cotton sweater,tablet,4196717,Cotton Sweater Styles to Elevate Your Wardrobe,Quinn Clark,2.09,15.09,1,15
2024-09-03,cozythreads_fallretargeting_q3,Cozythreads Fallretargeting Q3,3108,soft cotton sweater,tablet,6872665,How to Care for Your Cotton Sweaters,Skyler Wright,1.56,16.9,1,11
2024-09-08,cozythreads_fallretargeting_q3,Cozythreads Fallretargeting Q3,5071,flannel shirts sale,mobile,2051852,How to Layer Flannel Shirts for Cozy Comfort,Parker Hall,1,8.97,1,48
2024-09-10,cozythreads_fallretargeting_q3,Cozythreads Fallretargeting Q3,9277,autumn wardrobe essentials,tablet,2404641,How to Build a Timeless Autumn Wardrobe,Jamie Thompson,1.08,15.19,1,6
2024-09-11,cozythreads_fallretargeting_q3,Cozythreads Fallretargeting Q3,3108,soft cotton sweater,tablet,2588835,Choosing the Softest Cotton Sweaters for Comfort,Hayden Walker,2.26,10.45,1,22
2024-09-12,cozythreads_fallretargeting_q3,Cozythreads Fallretargeting Q3,2783,fleece hoodie discount,tablet,4268894,Top Fleece Hoodies on Sale Right Now,Riley Wilson,1.97,11.66,1,20
2024-09-12,cozythreads_fallretargeting_q3,Cozythreads Fallretargeting Q3,5071,flannel shirts sale,mobile,7240983,Best Flannel Shirts to Buy on Sale,Jamie Thompson,0.91,10.02,1,13
2024-09-13,cozythreads_fallretargeting_q3,Cozythreads Fallretargeting Q3,5004,cozy fall outfits women,desktop,2039340,10 Cozy Fall Outfits Every Woman Needs,Emerson Young,1.56,1.58,1,23
2024-09-20,cozythreads_fallretargeting_q3,Cozythreads Fallretargeting Q3,5071,flannel shirts sale,mobile,6057959,Top Flannel Shirt Styles for Fall,Quinn Clark,1.22,14.53,1,6
2024-09-23,cozythreads_fallretargeting_q3,Cozythreads Fallretargeting Q3,5004,cozy fall outfits women,desktop,1751187,How to Mix and Match Cozy Fall Pieces,Taylor Smith,1.22,15.18,1,14
2024-09-24,cozythreads_fallretargeting_q3,Cozythreads Fallretargeting Q3,5004,cozy fall outfits women,desktop,9344651,Fall Wardrobe Staples for Women,Taylor Smith,1.15,8.27,1,39
2024-09-24,cozythreads_fallretargeting_q3,Cozythreads Fallretargeting Q3,5071,flannel shirts sale,mobile,6057959,Top Flannel Shirt Styles for Fall,Quinn Clark,1.04,15.51,1,15
2024-09-25,cozythreads_fallretargeting_q3,Cozythreads Fallretargeting Q3,9277,autumn wardrobe essentials,tablet,1596470,Fall Fashion Staples You Can’t Miss,Casey Brown,1.08,9.69,1,19
2024-09-25,cozythreads_fallretargeting_q3,Cozythreads Fallretargeting Q3,9277,autumn wardrobe essentials,tablet,9818936,Must-Have Autumn Wardrobe Essentials,Dakota Garcia,1.52,15.18,1,19
2024-09-26,cozythreads_fallretargeting_q3,Cozythreads Fallretargeting Q3,9277,autumn wardrobe essentials,tablet,1596470,Fall Fashion Staples You Can’t Miss,Casey Brown,1.12,15.23,1,32
2024-09-27,cozythreads_fallretargeting_q3,Cozythreads Fallretargeting Q3,5004,cozy fall outfits women,desktop,9344651,Fall Wardrobe Staples for Women,Taylor Smith,1.42,12.12,1,37
2024-09-28,cozythreads_fallretargeting_q3,Cozythreads Fallretargeting Q3,2783,fleece hoodie discount,tablet,3123632,How to Style Fleece Hoodies for Everyday Wear,Avery Martinez,1.84,13.03,1,10
2024-09-29,cozythreads_fallretargeting_q3,Cozythreads Fallretargeting Q3,2783,fleece hoodie discount,tablet,4195556,Fleece Hoodies That Combine Comfort and Style,Payton Green,1.67,10.36,1,34
2024-09-29,cozythreads_fallretargeting_q3,Cozythreads Fallretargeting Q3,3108,soft cotton sweater,tablet,2588835,Choosing the Softest Cotton Sweaters for Comfort,Hayden Walker,2.08,6.03,1,23
2024-10-20,hearthstone_decorgiftguide_q4,Hearthstone Decorgiftguide Q4,3224,rustic candles online,desktop,1825322,How to Choose the Right Scent and Style,Devon Scott,1.85,17.38,1,16
2024-10-29,hearthstone_decorgiftguide_q4,Hearthstone Decorgiftguide Q4,4794,warm lighting decor,tablet,7946512,How to Light Your Home for Maximum Comfort,Riley Wilson,1.25,5.39,1,40
2024-11-01,hearthstone_decorgiftguide_q4,Hearthstone Decorgiftguide Q4,3649,holiday décor sale,desktop,8873518,Tips for Decorating on a Budget,Jordan Lee,1.37,10.5,1,21
2024-11-01,hearthstone_decorgiftguide_q4,Hearthstone Decorgiftguide Q4,4797,cozy home gift ideas,tablet,3691405,How to Pick the Perfect Gift for a Warm Home,Taylor Smith,2.45,17.82,1,14
2024-11-05,hearthstone_decorgiftguide_q4,Hearthstone Decorgiftguide Q4,3224,rustic candles online,desktop,4485380,Rustic Candles Online to Elevate Your Home,Morgan Davis,2.1,11.45,1,18
2024-11-06,lunaluxe_winterwarmers_display,Lunaluxe Winterwarmers Display,2382,winter comfort essentials,tablet,5726731,How to Stay Warm This Winter in Style,Cameron White,2.03,13.63,1,28
2024-11-06,lunaluxe_winterwarmers_display,Lunaluxe Winterwarmers Display,3767,luxury winter robes,tablet,2059600,Winter Robe Styles You’ll Love,Dakota Garcia,1.38,3.9,1,22
2024-11-09,hearthstone_decorgiftguide_q4,Hearthstone Decorgiftguide Q4,3224,rustic candles online,desktop,1825322,How to Choose the Right Scent and Style,Devon Scott,1.95,3.26,1,36
2024-11-09,lunaluxe_winterwarmers_display,Lunaluxe Winterwarmers Display,2913,warm pajamas for women,mobile,7931656,Best Pajamas for Cold Nights,Riley Wilson,1.05,14.56,1,44
2024-11-16,hearthstone_decorgiftguide_q4,Hearthstone Decorgiftguide Q4,4794,warm lighting decor,tablet,1221696,Warm Lighting Decor Ideas to Create Ambiance,Jordan Lee,1.12,18.65,1,9
2024-11-16,velvetpeak_holidaystyle_lookbook,Velvetpeak Holidaystyle Lookbook,2652,holiday outfit inspiration,mobile,4863488,Holiday Outfit Inspiration for Parties and Gatherings,Hayden Walker,2.34,12.49,1,36
2024-11-16,velvetpeak_holidaystyle_lookbook,Velvetpeak Holidaystyle Lookbook,3945,new year’s party outfits,desktop,2195085,How to Dress to Impress for Celebrations,Morgan Davis,2.06,3.51,1,21
2024-11-17,lunaluxe_winterwarmers_display,Lunaluxe Winterwarmers Display,6678,heated throws online,mobile,1248956,Best Heated Throws Available Online,Parker Hall,1.62,13.06,1,33
2024-11-18,hearthstone_decorgiftguide_q4,Hearthstone Decorgiftguide Q4,3224,rustic candles online,desktop,4485380,Rustic Candles Online to Elevate Your Home,Morgan Davis,1.93,1.69,1,39
2024-11-19,lunaluxe_winterwarmers_display,Lunaluxe Winterwarmers Display,3767,luxury winter robes,tablet,1726224,Best Luxury Winter Robes for Chilly Nights,Jordan Lee,1.13,15.62,1,33
2024-11-20,velvetpeak_holidaystyle_lookbook,Velvetpeak Holidaystyle Lookbook,5868,velvet dresses 2024,mobile,8264409,How to Style Velvet for Every Occasion,Hayden Walker,2.41,2.55,1,33
2024-11-21,velvetpeak_holidaystyle_lookbook,Velvetpeak Holidaystyle Lookbook,5868,velvet dresses 2024,mobile,3877930,Velvet Dresses That Will Turn Heads,Devon Scott,2.33,10.9,1,32
2024-11-24,lunaluxe_winterwarmers_display,Lunaluxe Winterwarmers Display,2382,winter comfort essentials,tablet,9240757,Cozy Up: Winter Essentials Guide,Sydney Lewis,2.61,7.65,1,41
2024-11-24,velvetpeak_holidaystyle_lookbook,Velvetpeak Holidaystyle Lookbook,2025,winter lookbook women,desktop,8740993,How to Layer and Accessorize for Cold Weather,Morgan Davis,1.77,12.06,1,14
2024-11-25,hearthstone_decorgiftguide_q4,Hearthstone Decorgiftguide Q4,3224,rustic candles online,desktop,4485380,Rustic Candles Online to Elevate Your Home,Morgan Davis,2.15,1.13,1,5
2024-11-26,velvetpeak_holidaystyle_lookbook,Velvetpeak Holidaystyle Lookbook,2025,winter lookbook women,desktop,8740993,How to Layer and Accessorize for Cold Weather,Morgan Davis,1.79,7.26,1,19
2024-11-27,velvetpeak_holidaystyle_lookbook,Velvetpeak Holidaystyle Lookbook,2652,holiday outfit inspiration,mobile,1935126,How to Dress Festively This Season,Devon Scott,1.87,7.61,1,32
2024-11-28,hearthstone_decorgiftguide_q4,Hearthstone Decorgiftguide Q4,3649,holiday décor sale,desktop,8873518,Tips for Decorating on a Budget,Jordan Lee,1.45,16.53,1,6
2024-11-30,velvetpeak_holidaystyle_lookbook,Velvetpeak Holidaystyle Lookbook,3945,new year’s party outfits,desktop,3253508,New Year’s Party Outfits to Ring in the Year,Casey Brown,1.48,14.54,1,50
2024-12-02,lunaluxe_winterwarmers_display,Lunaluxe Winterwarmers Display,2913,warm pajamas for women,mobile,7931656,Best Pajamas for Cold Nights,Riley Wilson,1.29,1.23,1,6
2024-12-04,hearthstone_decorgiftguide_q4,Hearthstone Decorgiftguide Q4,4689,winter home accents,tablet,7496650,Winter Home Accents to Brighten Your Space,Parker Hall,2.34,10.79,1,38
2024-12-04,hearthstone_decorgiftguide_q4,Hearthstone Decorgiftguide Q4,4689,winter home accents,tablet,9523416,Transform Your Home with Seasonal Decor,Skyler Wright,2.68,12.28,1,36
2024-12-04,velvetpeak_holidaystyle_lookbook,Velvetpeak Holidaystyle Lookbook,2025,winter lookbook women,desktop,9029582,Winter Lookbook for Women: Trendy Styles,Jamie Thompson,2.51,8.24,1,41
2024-12-05,lunaluxe_winterwarmers_display,Lunaluxe Winterwarmers Display,4032,cozy blanket sets,mobile,1218019,Cozy Blanket Sets to Transform Your Living Room,Emerson Young,2.46,1.18,1,46
2024-12-07,velvetpeak_holidaystyle_lookbook,Velvetpeak Holidaystyle Lookbook,4822,festive fashion ideas,mobile,1116799,Tips for Creating Holiday Looks That Shine,Riley Wilson,1.66,6.06,1,29
2024-12-08,hearthstone_decorgiftguide_q4,Hearthstone Decorgiftguide Q4,3649,holiday décor sale,desktop,8873518,Tips for Decorating on a Budget,Jordan Lee,1.44,17.4,1,36
2024-12-08,lunaluxe_winterwarmers_display,Lunaluxe Winterwarmers Display,2913,warm pajamas for women,mobile,9087575,Top Warm Pajamas for Women,Dakota Garcia,1.01,6.2,1,5
2024-12-09,lunaluxe_winterwarmers_display,Lunaluxe Winterwarmers Display,6678,heated throws online,mobile,1248956,Best Heated Throws Available Online,Parker Hall,1.58,18.17,1,45
2024-12-12,velvetpeak_holidaystyle_lookbook,Velvetpeak Holidaystyle Lookbook,3945,new year’s party outfits,desktop,2195085,How to Dress to Impress for Celebrations,Morgan Davis,1.88,17.37,1,7
2024-12-13,lunaluxe_winterwarmers_display,Lunaluxe Winterwarmers Display,3767,luxury winter robes,tablet,1726224,Best Luxury Winter Robes for Chilly Nights,Jordan Lee,1.41,9.09,1,16
2024-12-13,lunaluxe_winterwarmers_display,Lunaluxe Winterwarmers Display,4032,cozy blanket sets,mobile,9673896,Top Cozy Blankets for Winter,Hayden Walker,2.52,9.67,1,21
2024-12-14,velvetpeak_holidaystyle_lookbook,Velvetpeak Holidaystyle Lookbook,4822,festive fashion ideas,mobile,1116799,Tips for Creating Holiday Looks That Shine,Riley Wilson,1.61,13.43,1,32
2024-12-15,velvetpeak_holidaystyle_lookbook,Velvetpeak Holidaystyle Lookbook,5868,velvet dresses 2024,mobile,3877930,Velvet Dresses That Will Turn Heads,Devon Scott,2.02,19.62,1,6
2024-12-16,lunaluxe_winterwarmers_display,Lunaluxe Winterwarmers Display,2382,winter comfort essentials,tablet,9240757,Cozy Up: Winter Essentials Guide,Sydney Lewis,2.55,7.39,1,21
2024-12-16,lunaluxe_winterwarmers_display,Lunaluxe Winterwarmers Display,4032,cozy blanket sets,mobile,1218019,Cozy Blanket Sets to Transform Your Living Room,Emerson Young,1.94,13.66,1,16
2024-12-17,hearthstone_decorgiftguide_q4,Hearthstone Decorgiftguide Q4,4689,winter home accents,tablet,7496650,Winter Home Accents to Brighten Your Space,Parker Hall,2.55,3.86,1,28
2024-12-17,lunaluxe_winterwarmers_display,Lunaluxe Winterwarmers Display,6678,heated throws online,mobile,1248956,Best Heated Throws Available Online,Parker Hall,1.52,6.15,1,11
2024-12-18,velvetpeak_holidaystyle_lookbook,Velvetpeak Holidaystyle Lookbook,2025,winter lookbook women,desktop,8740993,How to Layer and Accessorize for Cold Weather,Morgan Davis,2.41,10.58,1,27
2024-12-19,hearthstone_decorgiftguide_q4,Hearthstone Decorgiftguide Q4,4797,cozy home gift ideas,tablet,6286170,Cozy Home Gift Ideas for Friends and Family,Dakota Garcia,2.08,19.86,1,17
2024-12-19,lunaluxe_winterwarmers_display,Lunaluxe Winterwarmers Display,2382,winter comfort essentials,tablet,5726731,How to Stay Warm This Winter in Style,Cameron White,2.17,11.96,1,49
2024-12-19,lunaluxe_winterwarmers_display,Lunaluxe Winterwarmers Display,4032,cozy blanket sets,mobile,1218019,Cozy Blanket Sets to Transform Your Living Room,Emerson Young,2.63,14.15,1,26
2024-12-19,velvetpeak_holidaystyle_lookbook,Velvetpeak Holidaystyle Lookbook,3945,new year’s party outfits,desktop,3253508,New Year’s Party Outfits to Ring in the Year,Casey Brown,1.49,18.01,1,48
2024-12-20,hearthstone_decorgiftguide_q4,Hearthstone Decorgiftguide Q4,4794,warm lighting decor,tablet,7946512,How to Light Your Home for Maximum Comfort,Riley Wilson,1.16,3.65,1,11
2024-12-22,velvetpeak_holidaystyle_lookbook,Velvetpeak Holidaystyle Lookbook,2652,holiday outfit inspiration,mobile,4863488,Holiday Outfit Inspiration for Parties and Gatherings,Hayden Walker,2.51,3.01,1,8
2024-12-22,velvetpeak_holidaystyle_lookbook,Velvetpeak Holidaystyle Lookbook,4822,festive fashion ideas,mobile,1116799,Tips for Creating Holiday Looks That Shine,Riley Wilson,1.46,10.2,1,14
2024-12-23,hearthstone_decorgiftguide_q4,Hearthstone Decorgiftguide Q4,4797,cozy home gift ideas,tablet,6286170,Cozy Home Gift Ideas for Friends and Family,Dakota Garcia,2.63,4.52,1,38
2024-12-24,hearthstone_decorgiftguide_q4,Hearthstone Decorgiftguide Q4,4689,winter home accents,tablet,9523416,Transform Your Home with Seasonal Decor,Skyler Wright,2.13,3.99,1,21
2024-12-24,velvetpeak_holidaystyle_lookbook,Velvetpeak Holidaystyle Lookbook,3945,new year’s party outfits,desktop,3253508,New Year’s Party Outfits to Ring in the Year,Casey Brown,1.52,5.08,1,18
2024-12-26,hearthstone_decorgiftguide_q4,Hearthstone Decorgiftguide Q4,3649,holiday décor sale,desktop,8873518,Tips for Decorating on a Budget,Jordan Lee,1.43,9.24,1,50
2024-12-30,hearthstone_decorgiftguide_q4,Hearthstone Decorgiftguide Q4,4689,winter home accents,tablet,9523416,Transform Your Home with Seasonal Decor,Skyler Wright,2.08,9.69,1,12
2025-01-05,brightloft_homeessentials_performancemax,Brightloft Homeessentials Performancemax,5006,affordable storage bins,desktop,2377022,Affordable Storage Bins to Organize Your Home,Taylor Smith,2.5,4.47,1,24
2025-01-06,brightloft_homeessentials_performancemax,Brightloft Homeessentials Performancemax,2364,modern kitchen essentials,desktop,5060969,Modern Kitchen Essentials to Upgrade Your Space,Jamie Thompson,1.15,4.69,1,18
2025-01-08,brightloft_homeessentials_performancemax,Brightloft Homeessentials Performancemax,2364,modern kitchen essentials,desktop,3705900,Must-Have Tools for Every Home Chef,Taylor Smith,1.23,14.43,1,25
2025-01-09,brightloft_homeessentials_performancemax,Brightloft Homeessentials Performancemax,4326,everyday cleaning tools,mobile,3917975,Everyday Cleaning Tools That Make Life Easier,Alex Johnson,1.43,19.3,1,42
2025-01-10,brightloft_homeessentials_performancemax,Brightloft Homeessentials Performancemax,2364,modern kitchen essentials,desktop,5060969,Modern Kitchen Essentials to Upgrade Your Space,Jamie Thompson,1.38,1.02,1,9
2025-01-13,brightloft_homeessentials_performancemax,Brightloft Homeessentials Performancemax,3978,home organization ideas,mobile,8053139,Home Organization Ideas That Work,Reagan Allen,2.07,10.53,1,30
2025-01-13,brightloft_homeessentials_performancemax,Brightloft Homeessentials Performancemax,9538,minimalist cookware sets,mobile,6467011,How to Choose the Right Pots and Pans,Jordan Lee,1.78,17.73,1,25
2025-01-18,brightloft_homeessentials_performancemax,Brightloft Homeessentials Performancemax,3978,home organization ideas,mobile,1648307,Tips to Declutter and Beautify Your Space,Payton Green,1.76,11.95,1,8
2025-01-18,brightloft_homeessentials_performancemax,Brightloft Homeessentials Performancemax,3978,home organization ideas,mobile,8053139,Home Organization Ideas That Work,Reagan Allen,1.98,8.14,1,6
2025-01-21,brightloft_homeessentials_performancemax,Brightloft Homeessentials Performancemax,9538,minimalist cookware sets,mobile,6467011,How to Choose the Right Pots and Pans,Jordan Lee,1.63,14.91,1,49
2025-01-22,brightloft_homeessentials_performancemax,Brightloft Homeessentials Performancemax,5006,affordable storage bins,desktop,3047254,Creative Ideas for Clutter-Free Living,Alex Johnson,2.31,1.92,1,31
2025-01-22,brightloft_homeessentials_performancemax,Brightloft Homeessentials Performancemax,9538,minimalist cookware sets,mobile,6467011,How to Choose the Right Pots and Pans,Jordan Lee,2,15.53,1,6
2025-01-23,brightloft_homeessentials_performancemax,Brightloft Homeessentials Performancemax,9538,minimalist cookware sets,mobile,9023208,Minimalist Cookware Sets for Sleek Kitchens,Dakota Garcia,1.67,15.36,1,45
2025-01-25,brightloft_homeessentials_performancemax,Brightloft Homeessentials Performancemax,2364,modern kitchen essentials,desktop,5060969,Modern Kitchen Essentials to Upgrade Your Space,Jamie Thompson,1.31,3.98,1,42
2025-01-26,brightloft_homeessentials_performancemax,Brightloft Homeessentials Performancemax,4326,everyday cleaning tools,mobile,3917975,Everyday Cleaning Tools That Make Life Easier,Alex Johnson,1.41,17.49,1,43
2025-01-27,brightloft_homeessentials_performancemax,Brightloft Homeessentials Performancemax,4326,everyday cleaning tools,mobile,3291057,How to Keep Your Home Sparkling,Riley Wilson,1.61,18.71,1,48
2025-01-27,brightloft_homeessentials_performancemax,Brightloft Homeessentials Performancemax,5006,affordable storage bins,desktop,3047254,Creative Ideas for Clutter-Free Living,Alex Johnson,2.37,13.25,1,30
2025-01-28,brightloft_homeessentials_performancemax,Brightloft Homeessentials Performancemax,3978,home organization ideas,mobile,1648307,Tips to Declutter and Beautify Your Space,Payton Green,1.86,15.43,1,11
2025-01-28,brightloft_homeessentials_performancemax,Brightloft Homeessentials Performancemax,5006,affordable storage bins,desktop,3047254,Creative Ideas for Clutter-Free Living,Alex Johnson,1.84,17.82,1,47
2025-01-28,brightloft_homeessentials_performancemax,Brightloft Homeessentials Performancemax,9538,minimalist cookware sets,mobile,9023208,Minimalist Cookware Sets for Sleek Kitchens,Dakota Garcia,2.04,8.22,1,34
2025-02-01,everydayease_apparel_cpa_test,Everydayease Apparel Cpa Test,6375,best basic tees,mobile,6400149,Best Basic Tees for Your Wardrobe,Sydney Lewis,1.82,5.48,1,11
2025-02-03,everydayease_apparel_cpa_test,Everydayease Apparel Cpa Test,6861,everyday t shirts,tablet,1580010,How to Build a Basic Wardrobe Around Simple Tees,Emerson Young,1.13,11.52,1,13
2025-02-04,everydayease_apparel_cpa_test,Everydayease Apparel Cpa Test,4547,casual workwear women,tablet,3152478,Casual Workwear for Women That Looks Professional,Avery Martinez,1.35,16,1,47
2025-02-06,everydayease_apparel_cpa_test,Everydayease Apparel Cpa Test,6375,best basic tees,mobile,6400149,Best Basic Tees for Your Wardrobe,Sydney Lewis,1.74,19.17,1,16
2025-02-08,everydayease_apparel_cpa_test,Everydayease Apparel Cpa Test,9839,cotton pants online,desktop,2508366,How to Choose the Right Cotton Pants for Everyday Wear,Jamie Thompson,2.23,12.47,1,33
2025-02-10,everydayease_apparel_cpa_test,Everydayease Apparel Cpa Test,4547,casual workwear women,tablet,3152478,Casual Workwear for Women That Looks Professional,Avery Martinez,1.49,17.66,1,42
2025-02-10,everydayease_apparel_cpa_test,Everydayease Apparel Cpa Test,6861,everyday t shirts,tablet,1580010,How to Build a Basic Wardrobe Around Simple Tees,Emerson Young,1.08,11.48,1,17
2025-02-11,everydayease_apparel_cpa_test,Everydayease Apparel Cpa Test,6375,best basic tees,mobile,6400149,Best Basic Tees for Your Wardrobe,Sydney Lewis,1.37,15.14,1,36
2025-02-12,everydayease_apparel_cpa_test,Everydayease Apparel Cpa Test,4547,casual workwear women,tablet,9896060,Stylish Yet Comfortable Office Outfits,Taylor Smith,1.18,10.66,1,15
2025-02-13,everydayease_apparel_cpa_test,Everydayease Apparel Cpa Test,6375,best basic tees,mobile,6400149,Best Basic Tees for Your Wardrobe,Sydney Lewis,1.83,9.89,1,5
2025-02-16,everydayease_apparel_cpa_test,Everydayease Apparel Cpa Test,6861,everyday t shirts,tablet,3625666,Everyday T Shirts That Go With Everything,Sydney Lewis,1.12,8.95,1,11
2025-02-16,everydayease_apparel_cpa_test,Everydayease Apparel Cpa Test,6950,comfortable office wear,tablet,3070151,Tips for Dressing Well Without Sacrificing Comfort,Skyler Wright,2.4,9.99,1,44
2025-02-16,threadline_ecocollection_abtest01,Threadline Ecocollection Abtest01,8903,sustainable fabric shirts,tablet,8340911,How to Incorporate Sustainable Shirts into Your Wardrobe,Dakota Garcia,1.68,12.7,1,8
2025-02-18,threadline_ecocollection_abtest01,Threadline Ecocollection Abtest01,3110,green apparel collection,desktop,5558440,How to Incorporate Eco-Friendly Fashion,Dakota Garcia,0.98,7.79,1,7
2025-02-19,everydayease_apparel_cpa_test,Everydayease Apparel Cpa Test,4547,casual workwear women,tablet,9896060,Stylish Yet Comfortable Office Outfits,Taylor Smith,1.37,2.51,1,31
2025-02-19,threadline_ecocollection_abtest01,Threadline Ecocollection Abtest01,3110,green apparel collection,desktop,2567329,Sustainable Fashion Pieces Worth Trying,Reagan Allen,1.07,18.36,1,21
2025-02-22,threadline_ecocollection_abtest01,Threadline Ecocollection Abtest01,3870,recycled cotton hoodie,mobile,9167968,How to Wear Sustainable Hoodies in Style,Sydney Lewis,1.95,17.42,1,21
2025-02-22,threadline_ecocollection_abtest01,Threadline Ecocollection Abtest01,8903,sustainable fabric shirts,tablet,8340911,How to Incorporate Sustainable Shirts into Your Wardrobe,Dakota Garcia,1.97,10.8,1,18
2025-02-23,everydayease_apparel_cpa_test,Everydayease Apparel Cpa Test,6950,comfortable office wear,tablet,3070151,Tips for Dressing Well Without Sacrificing Comfort,Skyler Wright,3.9,24.57,2,64
2025-02-24,everydayease_apparel_cpa_test,Everydayease Apparel Cpa Test,9839,cotton pants online,desktop,2508366,How to Choose the Right Cotton Pants for Everyday Wear,Jamie Thompson,1.99,6.6,1,10
2025-02-25,everydayease_apparel_cpa_test,Everydayease Apparel Cpa Test,9839,cotton pants online,desktop,5330249,Cotton Pants Online: Soft and Stylish,Skyler Wright,1.97,12.75,1,26
2025-02-26,everydayease_apparel_cpa_test,Everydayease Apparel Cpa Test,6375,best basic tees,mobile,6400149,Best Basic Tees for Your Wardrobe,Sydney Lewis,1.55,14.21,1,28
2025-02-26,threadline_ecocollection_abtest01,Threadline Ecocollection Abtest01,3327,eco friendly clothing,mobile,9605678,How to Shop Responsibly,Alex Johnson,3.48,16.89,2,78
2025-02-27,everydayease_apparel_cpa_test,Everydayease Apparel Cpa Test,9839,cotton pants online,desktop,5330249,Cotton Pants Online: Soft and Stylish,Skyler Wright,1.99,11.06,1,13
2025-02-27,threadline_ecocollection_abtest01,Threadline Ecocollection Abtest01,3870,recycled cotton hoodie,mobile,9167968,How to Wear Sustainable Hoodies in Style,Sydney Lewis,2.2,12.08,1,50
2025-02-28,threadline_ecocollection_abtest01,Threadline Ecocollection Abtest01,3110,green apparel collection,desktop,5558440,How to Incorporate Eco-Friendly Fashion,Dakota Garcia,1.32,10.88,1,16
2025-03-02,threadline_ecocollection_abtest01,Threadline Ecocollection Abtest01,2476,ethical fashion brands,mobile,4564224,Must-Know Brands for Ethical Fashion,Hayden Walker,1.24,18.81,1,24
2025-03-02,threadline_ecocollection_abtest01,Threadline Ecocollection Abtest01,2476,ethical fashion brands,mobile,9593299,How to Build a Responsible Wardrobe,Devon Scott,1.35,17.12,1,35
2025-03-02,trailbound_hikingboots_remarketing,Trailbound Hikingboots Remarketing,5462,men’s hiking footwear,tablet,2959153,Best Boots for Every Adventure,Payton Green,1.41,3.28,1,13
2025-03-03,threadline_ecocollection_abtest01,Threadline Ecocollection Abtest01,8903,sustainable fabric shirts,tablet,8340911,How to Incorporate Sustainable Shirts into Your Wardrobe,Dakota Garcia,2.26,16.02,1,44
2025-03-05,threadline_ecocollection_abtest01,Threadline Ecocollection Abtest01,3327,eco friendly clothing,mobile,9041017,Stylish Eco-Friendly Outfits to Try,Casey Brown,1.53,5.63,1,31
2025-03-06,threadline_ecocollection_abtest01,Threadline Ecocollection Abtest01,2476,ethical fashion brands,mobile,9593299,How to Build a Responsible Wardrobe,Devon Scott,1.25,6.68,1,45
2025-03-06,threadline_ecocollection_abtest01,Threadline Ecocollection Abtest01,3327,eco friendly clothing,mobile,9605678,How to Shop Responsibly,Alex Johnson,1.31,9.56,1,7
2025-03-06,threadline_ecocollection_abtest01,Threadline Ecocollection Abtest01,3870,recycled cotton hoodie,mobile,9167968,How to Wear Sustainable Hoodies in Style,Sydney Lewis,2.7,5.41,1,37
2025-03-08,threadline_ecocollection_abtest01,Threadline Ecocollection Abtest01,8903,sustainable fabric shirts,tablet,8340911,How to Incorporate Sustainable Shirts into Your Wardrobe,Dakota Garcia,1.65,17.21,1,23
2025-03-09,threadline_ecocollection_abtest01,Threadline Ecocollection Abtest01,3327,eco friendly clothing,mobile,9041017,Stylish Eco-Friendly Outfits to Try,Casey Brown,1.73,4.37,1,49
2025-03-09,threadline_ecocollection_abtest01,Threadline Ecocollection Abtest01,8903,sustainable fabric shirts,tablet,2835547,Stylish Options for Green Living,Jamie Thompson,1.59,13.26,1,11
2025-03-10,threadline_ecocollection_abtest01,Threadline Ecocollection Abtest01,2476,ethical fashion brands,mobile,4564224,Must-Know Brands for Ethical Fashion,Hayden Walker,1.36,7.65,1,36
2025-03-11,trailbound_hikingboots_remarketing,Trailbound Hikingboots Remarketing,8733,waterproof hiking boots,mobile,3692441,How to Choose the Right Hiking Boots for Outdoor Adventures,Skyler Wright,1.31,3.34,1,26
2025-03-12,threadline_ecocollection_abtest01,Threadline Ecocollection Abtest01,2476,ethical fashion brands,mobile,4564224,Must-Know Brands for Ethical Fashion,Hayden Walker,1.12,12.96,1,22
2025-03-14,trailbound_hikingboots_remarketing,Trailbound Hikingboots Remarketing,8733,waterproof hiking boots,mobile,3692441,How to Choose the Right Hiking Boots for Outdoor Adventures,Skyler Wright,1.29,6.92,1,27
2025-03-17,trailbound_hikingboots_remarketing,Trailbound Hikingboots Remarketing,6182,all terrain hiking gear,tablet,4709493,How to Equip Yourself for Any Trail,Hayden Walker,1.64,18.72,1,9
2025-03-18,peakcomfort_sneakerdrop_mobileonly,Peakcomfort Sneakerdrop Mobileonly,7724,mobile exclusive sneakers,mobile,5639437,How to Shop Sneakers on Your Phone,Taylor Smith,2.23,10.9,1,21
2025-03-19,trailbound_hikingboots_remarketing,Trailbound Hikingboots Remarketing,4546,hiking boots for women,mobile,4025925,Hiking Boots for Women That Fit Perfectly,Jordan Lee,2.23,25.33,2,42
2025-03-19,trailbound_hikingboots_remarketing,Trailbound Hikingboots Remarketing,4728,durable trail shoes,mobile,6436403,Durable Trail Shoes That Last,Devon Scott,1.49,16.69,1,26
2025-03-20,trailbound_hikingboots_remarketing,Trailbound Hikingboots Remarketing,4728,durable trail shoes,mobile,7532503,Top Picks for Long-Lasting Hiking Footwear,Morgan Davis,1.73,14.56,1,25
2025-03-20,trailbound_hikingboots_remarketing,Trailbound Hikingboots Remarketing,5462,men’s hiking footwear,tablet,5387692,Men’s Hiking Footwear That Combines Comfort and Style,Sydney Lewis,1.75,12.74,1,33
2025-03-21,trailbound_hikingboots_remarketing,Trailbound Hikingboots Remarketing,4546,hiking boots for women,mobile,4025925,Hiking Boots for Women That Fit Perfectly,Jordan Lee,1.09,13.28,1,49
2025-03-21,trailbound_hikingboots_remarketing,Trailbound Hikingboots Remarketing,5462,men’s hiking footwear,tablet,2959153,Best Boots for Every Adventure,Payton Green,1.44,1.72,1,32
2025-03-23,trailbound_hikingboots_remarketing,Trailbound Hikingboots Remarketing,4546,hiking boots for women,mobile,4025925,Hiking Boots for Women That Fit Perfectly,Jordan Lee,1.13,13.23,1,20
2025-03-23,trailbound_hikingboots_remarketing,Trailbound Hikingboots Remarketing,4728,durable trail shoes,mobile,7532503,Top Picks for Long-Lasting Hiking Footwear,Morgan Davis,1.86,13.97,1,13
2025-03-23,trailbound_hikingboots_remarketing,Trailbound Hikingboots Remarketing,5462,men’s hiking footwear,tablet,2959153,Best Boots for Every Adventure,Payton Green,1.47,12.35,1,50
2025-03-23,trailbound_hikingboots_remarketing,Trailbound Hikingboots Remarketing,6182,all terrain hiking gear,tablet,4709493,How to Equip Yourself for Any Trail,Hayden Walker,1.49,17.09,1,5
2025-03-24,peakcomfort_sneakerdrop_mobileonly,Peakcomfort Sneakerdrop Mobileonly,6122,limited edition shoes,tablet,6540085,How to Spot the Best Limited Edition Sneakers,Quinn Clark,2.7,15.4,1,33
2025-03-26,trailbound_hikingboots_remarketing,Trailbound Hikingboots Remarketing,5462,men’s hiking footwear,tablet,5387692,Men’s Hiking Footwear That Combines Comfort and Style,Sydney Lewis,1.37,9.09,1,8
2025-03-27,trailbound_hikingboots_remarketing,Trailbound Hikingboots Remarketing,6182,all terrain hiking gear,tablet,4709493,How to Equip Yourself for Any Trail,Hayden Walker,1.51,12.49,1,13
2025-03-27,trailbound_hikingboots_remarketing,Trailbound Hikingboots Remarketing,8733,waterproof hiking boots,mobile,8374907,Waterproof Hiking Boots for Every Trail,Hayden Walker,2.93,11.99,2,42
2025-03-28,peakcomfort_sneakerdrop_mobileonly,Peakcomfort Sneakerdrop Mobileonly,6392,comfort running shoes,tablet,4173796,Best Picks for Long Runs,Skyler Wright,2.32,1.35,1,20
2025-03-28,peakcomfort_sneakerdrop_mobileonly,Peakcomfort Sneakerdrop Mobileonly,8113,new sneaker drop,tablet,8220678,Sneaker Drop Tips for Collectors,Taylor Smith,1.21,4.53,1,13
2025-03-29,peakcomfort_sneakerdrop_mobileonly,Peakcomfort Sneakerdrop Mobileonly,8113,new sneaker drop,tablet,8220678,Sneaker Drop Tips for Collectors,Taylor Smith,1.25,7.59,1,37
2025-03-30,peakcomfort_sneakerdrop_mobileonly,Peakcomfort Sneakerdrop Mobileonly,2056,best sneakers 2025,tablet,7437783,Must-Have Sneakers for Every Collector,Cameron White,1.49,7.08,1,26
2025-03-31,peakcomfort_sneakerdrop_mobileonly,Peakcomfort Sneakerdrop Mobileonly,2056,best sneakers 2025,tablet,6494771,Sneaker Trends That Are Here to Stay,Casey Brown,1.33,9.01,1,45
2025-04-01,swiftstep_runninggear_conversiontest,Swiftstep Runninggear Conversiontest,4691,running gear sale,tablet,9308409,How to Score Deals on Performance Wear,Skyler Wright,1.64,3.81,1,32
2025-04-01,swiftstep_runninggear_conversiontest,Swiftstep Runninggear Conversiontest,7835,breathable running shirts,desktop,8709348,Running Shirts to Stay Cool,Hayden Walker,1.69,10.64,1,21
2025-04-04,peakcomfort_sneakerdrop_mobileonly,Peakcomfort Sneakerdrop Mobileonly,7724,mobile exclusive sneakers,mobile,5639437,How to Shop Sneakers on Your Phone,Taylor Smith,2.29,2.46,1,24
2025-04-05,swiftstep_runninggear_conversiontest,Swiftstep Runninggear Conversiontest,5496,women’s running leggings,tablet,2929448,Leggings That Combine Comfort and Style,Skyler Wright,2.05,17.67,1,31
2025-04-06,peakcomfort_sneakerdrop_mobileonly,Peakcomfort Sneakerdrop Mobileonly,6122,limited edition shoes,tablet,8644765,Tips for Buying Exclusive Sneakers,Reagan Allen,2.07,3.79,1,33
2025-04-07,peakcomfort_sneakerdrop_mobileonly,Peakcomfort Sneakerdrop Mobileonly,6392,comfort running shoes,tablet,4173796,Best Picks for Long Runs,Skyler Wright,2.44,17.35,1,28
2025-04-08,peakcomfort_sneakerdrop_mobileonly,Peakcomfort Sneakerdrop Mobileonly,6122,limited edition shoes,tablet,6540085,How to Spot the Best Limited Edition Sneakers,Quinn Clark,2.54,15.32,1,16
2025-04-08,peakcomfort_sneakerdrop_mobileonly,Peakcomfort Sneakerdrop Mobileonly,7724,mobile exclusive sneakers,mobile,5639437,How to Shop Sneakers on Your Phone,Taylor Smith,2.22,2.49,1,23
2025-04-08,peakcomfort_sneakerdrop_mobileonly,Peakcomfort Sneakerdrop Mobileonly,8113,new sneaker drop,tablet,3103893,How to Grab Limited Releases Quickly,Jordan Lee,1.47,15.39,1,21
2025-04-09,swiftstep_runninggear_conversiontest,Swiftstep Runninggear Conversiontest,4011,men’s performance shorts,tablet,4586735,Shorts for Running and Gym,Jamie Thompson,1.87,6.27,1,36
2025-04-10,peakcomfort_sneakerdrop_mobileonly,Peakcomfort Sneakerdrop Mobileonly,2056,best sneakers 2025,tablet,6494771,Sneaker Trends That Are Here to Stay,Casey Brown,1.29,3.4,1,39
2025-04-10,peakcomfort_sneakerdrop_mobileonly,Peakcomfort Sneakerdrop Mobileonly,2056,best sneakers 2025,tablet,7437783,Must-Have Sneakers for Every Collector,Cameron White,1.24,14.77,1,49
2025-04-10,peakcomfort_sneakerdrop_mobileonly,Peakcomfort Sneakerdrop Mobileonly,6122,limited edition shoes,tablet,6540085,How to Spot the Best Limited Edition Sneakers,Quinn Clark,1.98,18.76,1,45
2025-04-10,softlanding_bathcollection_q2promo,Softlanding Bathcollection Q2Promo,2703,cotton bathrobe sale,tablet,1188163,How to Pick the Right Cotton Bathrobe,Taylor Smith,2.19,4.22,1,30
2025-04-10,swiftstep_runninggear_conversiontest,Swiftstep Runninggear Conversiontest,4691,running gear sale,tablet,9308409,How to Score Deals on Performance Wear,Skyler Wright,1.39,2.34,1,22
2025-04-10,swiftstep_runninggear_conversiontest,Swiftstep Runninggear Conversiontest,6220,marathon training gear,desktop,1627537,Marathon Training Gear You Need to Succeed,Jordan Lee,1.87,19.6,1,33
2025-04-11,swiftstep_runninggear_conversiontest,Swiftstep Runninggear Conversiontest,7835,breathable running shirts,desktop,8709348,Running Shirts to Stay Cool,Hayden Walker,1.94,16.37,1,39
2025-04-12,peakcomfort_sneakerdrop_mobileonly,Peakcomfort Sneakerdrop Mobileonly,6392,comfort running shoes,tablet,4173796,Best Picks for Long Runs,Skyler Wright,2.2,6.78,1,44
2025-04-12,softlanding_bathcollection_q2promo,Softlanding Bathcollection Q2Promo,9485,soft bath mats,desktop,7103188,How to Pick the Perfect Bath Mat,Hayden Walker,0.99,18.62,1,30
2025-04-12,swiftstep_runninggear_conversiontest,Swiftstep Runninggear Conversiontest,5496,women’s running leggings,tablet,2684908,Top Leggings for Every Workout,Hayden Walker,2.46,10.51,1,41
2025-04-12,swiftstep_runninggear_conversiontest,Swiftstep Runninggear Conversiontest,7835,breathable running shirts,desktop,3078380,How to Pick the Best Materials for Training,Sydney Lewis,1.86,7.02,1,47
2025-04-13,swiftstep_runninggear_conversiontest,Swiftstep Runninggear Conversiontest,6220,marathon training gear,desktop,1627537,Marathon Training Gear You Need to Succeed,Jordan Lee,1.8,9.95,1,27
2025-04-14,swiftstep_runninggear_conversiontest,Swiftstep Runninggear Conversiontest,5496,women’s running leggings,tablet,2929448,Leggings That Combine Comfort and Style,Skyler Wright,2.34,5.23,1,9
2025-04-15,softlanding_bathcollection_q2promo,Softlanding Bathcollection Q2Promo,2703,cotton bathrobe sale,tablet,4627313,Best Deals on Plush Robes,Avery Martinez,1.74,15.75,1,48
2025-04-15,softlanding_bathcollection_q2promo,Softlanding Bathcollection Q2Promo,4508,luxury towel sets,desktop,1344705,Top Luxury Towels Worth Investing In,Devon Scott,2.76,10.95,1,34
2025-04-15,softlanding_bathcollection_q2promo,Softlanding Bathcollection Q2Promo,8956,spa style bathroom decor,desktop,4409711,Elegant Spa Décor Ideas for Your Bathroom,Devon Scott,2.11,9.24,1,45
2025-04-15,softlanding_bathcollection_q2promo,Softlanding Bathcollection Q2Promo,8956,spa style bathroom decor,desktop,6323974,How to Create a Relaxing Home Spa,Rowan King,1.96,6.35,1,44
2025-04-16,softlanding_bathcollection_q2promo,Softlanding Bathcollection Q2Promo,8074,bathroom refresh ideas,mobile,9943847,Tips to Modernize Your Bathroom on a Budget,Morgan Davis,2.6,16.16,1,12
2025-04-17,softlanding_bathcollection_q2promo,Softlanding Bathcollection Q2Promo,2703,cotton bathrobe sale,tablet,1188163,How to Pick the Right Cotton Bathrobe,Taylor Smith,1.99,17.54,1,37
2025-04-18,swiftstep_runninggear_conversiontest,Swiftstep Runninggear Conversiontest,4691,running gear sale,tablet,9308409,How to Score Deals on Performance Wear,Skyler Wright,1.32,5.71,1,39
2025-04-19,softlanding_bathcollection_q2promo,Softlanding Bathcollection Q2Promo,8074,bathroom refresh ideas,mobile,6815869,Affordable Ways to Upgrade Your Bathroom,Dakota Garcia,2.01,2.48,1,50
2025-04-20,softlanding_bathcollection_q2promo,Softlanding Bathcollection Q2Promo,8956,spa style bathroom decor,desktop,6323974,How to Create a Relaxing Home Spa,Rowan King,2.38,4.03,1,48
2025-04-20,swiftstep_runninggear_conversiontest,Swiftstep Runninggear Conversiontest,5496,women’s running leggings,tablet,2684908,Top Leggings for Every Workout,Hayden Walker,2.28,5.56,1,48
2025-04-23,swiftstep_runninggear_conversiontest,Swiftstep Runninggear Conversiontest,6220,marathon training gear,desktop,1627537,Marathon Training Gear You Need to Succeed,Jordan Lee,1.83,6.8,1,34
2025-04-24,swiftstep_runninggear_conversiontest,Swiftstep Runninggear Conversiontest,4011,men’s performance shorts,tablet,8853332,Best Options for Comfort and Mobility,Emerson Young,1.94,10.81,1,43
2025-04-24,swiftstep_runninggear_conversiontest,Swiftstep Runninggear Conversiontest,7835,breathable running shirts,desktop,8709348,Running Shirts to Stay Cool,Hayden Walker,1.98,18.65,1,5
2025-04-25,softlanding_bathcollection_q2promo,Softlanding Bathcollection Q2Promo,4508,luxury towel sets,desktop,1344705,Top Luxury Towels Worth Investing In,Devon Scott,2.09,5.25,1,8
2025-04-26,swiftstep_runninggear_conversiontest,Swiftstep Runninggear Conversiontest,4011,men’s performance shorts,tablet,8853332,Best Options for Comfort and Mobility,Emerson Young,2.21,6.96,1,13
2025-04-26,swiftstep_runninggear_conversiontest,Swiftstep Runninggear Conversiontest,5496,women’s running leggings,tablet,2929448,Leggings That Combine Comfort and Style,Skyler Wright,2.7,9.79,1,36
2025-04-26,swiftstep_runninggear_conversiontest,Swiftstep Runninggear Conversiontest,6220,marathon training gear,desktop,1627537,Marathon Training Gear You Need to Succeed,Jordan Lee,1.89,14.57,1,7
2025-04-27,softlanding_bathcollection_q2promo,Softlanding Bathcollection Q2Promo,9485,soft bath mats,desktop,1142247,Soft Bath Mats for Maximum Comfort,Payton Green,1.19,14.38,1,12
2025-04-27,swiftstep_runninggear_conversiontest,Swiftstep Runninggear Conversiontest,4011,men’s performance shorts,tablet,4586735,Shorts for Running and Gym,Jamie Thompson,2.51,3.42,1,36
2025-04-27,swiftstep_runninggear_conversiontest,Swiftstep Runninggear Conversiontest,6220,marathon training gear,desktop,1627537,Marathon Training Gear You Need to Succeed,Jordan Lee,1.88,1.11,1,16
2025-04-29,softlanding_bathcollection_q2promo,Softlanding Bathcollection Q2Promo,4508,luxury towel sets,desktop,1344705,Top Luxury Towels Worth Investing In,Devon Scott,2.66,2.34,1,50
2025-04-29,swiftstep_runninggear_conversiontest,Swiftstep Runninggear Conversiontest,4011,men’s performance shorts,tablet,8853332,Best Options for Comfort and Mobility,Emerson Young,2.54,7.86,1,14
2025-04-29,swiftstep_runninggear_conversiontest,Swiftstep Runninggear Conversiontest,7835,breathable running shirts,desktop,3078380,How to Pick the Best Materials for Training,Sydney Lewis,1.91,13.15,1,22
2025-05-01,softlanding_bathcollection_q2promo,Softlanding Bathcollection Q2Promo,8074,bathroom refresh ideas,mobile,6815869,Affordable Ways to Upgrade Your Bathroom,Dakota Garcia,2.45,6.91,1,9
2025-05-01,softlanding_bathcollection_q2promo,Softlanding Bathcollection Q2Promo,8074,bathroom refresh ideas,mobile,9943847,Tips to Modernize Your Bathroom on a Budget,Morgan Davis,2.56,19.18,1,23
2025-05-03,pureform_athleticpush_may2025,Pureform Athleticpush May2025,4562,running compression shorts,desktop,3637028,Choosing the Right Compression Gear for Training,Emerson Young,2.49,8.25,1,44
2025-05-04,pureform_athleticpush_may2025,Pureform Athleticpush May2025,3048,athletic wear men sale,tablet,9706178,Affordable Men’s Activewear Options,Hayden Walker,1.59,12.11,1,47
2025-05-06,pureform_athleticpush_may2025,Pureform Athleticpush May2025,3037,gym outfits for women,mobile,7517505,Stylish Gym Outfits for Women,Emerson Young,2.85,14.54,1,31
2025-05-06,softlanding_bathcollection_q2promo,Softlanding Bathcollection Q2Promo,9485,soft bath mats,desktop,7103188,How to Pick the Perfect Bath Mat,Hayden Walker,1.11,2.96,1,45
2025-05-09,softlanding_bathcollection_q2promo,Softlanding Bathcollection Q2Promo,2703,cotton bathrobe sale,tablet,4627313,Best Deals on Plush Robes,Avery Martinez,2.41,7.69,1,5
2025-05-10,pureform_athleticpush_may2025,Pureform Athleticpush May2025,8372,performance workout gear,tablet,2949889,Top Workout Gear for Peak Performance,Skyler Wright,1.06,15.05,1,48
2025-05-10,pureform_athleticpush_may2025,Pureform Athleticpush May2025,8423,best activewear 2025,mobile,9839316,Must-Have Pieces for Your Active Lifestyle,Cameron White,1.34,19.01,1,29
2025-05-11,pureform_athleticpush_may2025,Pureform Athleticpush May2025,8372,performance workout gear,tablet,8981371,Best Performance Workout Gear for Athletes,Morgan Davis,0.97,3.85,1,15
2025-05-12,pureform_athleticpush_may2025,Pureform Athleticpush May2025,8372,performance workout gear,tablet,2949889,Top Workout Gear for Peak Performance,Skyler Wright,0.98,4.46,1,40
2025-05-13,pureform_athleticpush_may2025,Pureform Athleticpush May2025,3037,gym outfits for women,mobile,7517505,Stylish Gym Outfits for Women,Emerson Young,2.16,9.74,1,49
2025-05-13,pureform_athleticpush_may2025,Pureform Athleticpush May2025,3037,gym outfits for women,mobile,8130934,How to Build the Perfect Workout Wardrobe,Alex Johnson,2.02,1.41,1,40
2025-05-14,pureform_athleticpush_may2025,Pureform Athleticpush May2025,3048,athletic wear men sale,tablet,9706178,Affordable Men’s Activewear Options,Hayden Walker,1.26,19.25,1,31
2025-05-16,pureform_athleticpush_may2025,Pureform Athleticpush May2025,4562,running compression shorts,desktop,7332553,Running Compression Shorts That Improve Performance,Rowan King,2.24,6.81,1,48
2025-05-22,casamira_kitchenware_seasonallaunch,Casamira Kitchenware Seasonallaunch,6512,modern cookware sets,desktop,1950178,Modern Cookware Sets for Every Chef,Dakota Garcia,1.75,16.33,1,30
2025-05-22,casamira_kitchenware_seasonallaunch,Casamira Kitchenware Seasonallaunch,6512,modern cookware sets,desktop,5516038,Choosing the Best Cookware for Your Kitchen,Devon Scott,1.72,17.8,1,24
2025-05-22,pureform_athleticpush_may2025,Pureform Athleticpush May2025,4562,running compression shorts,desktop,7332553,Running Compression Shorts That Improve Performance,Rowan King,2.16,2.24,1,36
2025-05-23,pureform_athleticpush_may2025,Pureform Athleticpush May2025,8372,performance workout gear,tablet,8981371,Best Performance Workout Gear for Athletes,Morgan Davis,1.03,10.88,1,6
2025-05-24,casamira_kitchenware_seasonallaunch,Casamira Kitchenware Seasonallaunch,2327,kitchenware sale,desktop,3539626,Must-Have Kitchenware on Sale Now,Jordan Lee,1.84,9.67,1,43
2025-05-25,pureform_athleticpush_may2025,Pureform Athleticpush May2025,3048,athletic wear men sale,tablet,9636132,How to Choose Quality Men’s Athletic Wear,Sydney Lewis,1.29,15.67,1,15
2025-05-25,pureform_athleticpush_may2025,Pureform Athleticpush May2025,4562,running compression shorts,desktop,7332553,Running Compression Shorts That Improve Performance,Rowan King,1.95,7.98,1,7
2025-05-26,pureform_athleticpush_may2025,Pureform Athleticpush May2025,8423,best activewear 2025,mobile,5325173,Best Activewear Trends to Watch in 2025,Quinn Clark,1.66,3.9,1,38
2025-05-27,casamira_kitchenware_seasonallaunch,Casamira Kitchenware Seasonallaunch,2631,new kitchen products,desktop,2910609,Must-Have Kitchen Products for 2025,Hayden Walker,1.96,17.79,1,5
2025-05-27,pureform_athleticpush_may2025,Pureform Athleticpush May2025,3048,athletic wear men sale,tablet,1621279,Top Men’s Activewear Picks on Discount,Parker Hall,1.25,17.15,1,15
2025-05-27,pureform_athleticpush_may2025,Pureform Athleticpush May2025,8423,best activewear 2025,mobile,5325173,Best Activewear Trends to Watch in 2025,Quinn Clark,1.53,17.81,1,43
2025-05-28,casamira_kitchenware_seasonallaunch,Casamira Kitchenware Seasonallaunch,3832,nonstick pans 2025,desktop,5957683,How to Choose the Right Pan,Quinn Clark,0.97,19.47,1,5
2025-05-28,pureform_athleticpush_may2025,Pureform Athleticpush May2025,4562,running compression shorts,desktop,3637028,Choosing the Right Compression Gear for Training,Emerson Young,2.01,12.45,1,22
2025-05-31,casamira_kitchenware_seasonallaunch,Casamira Kitchenware Seasonallaunch,9177,ceramic dinnerware,tablet,7744355,Ceramic Dinnerware That Elevates Any Table,Jamie Thompson,1.09,18.95,1,13
2025-06-02,casamira_kitchenware_seasonallaunch,Casamira Kitchenware Seasonallaunch,2631,new kitchen products,desktop,2910609,Must-Have Kitchen Products for 2025,Hayden Walker,2.53,2.09,1,8
2025-06-07,casamira_kitchenware_seasonallaunch,Casamira Kitchenware Seasonallaunch,6512,modern cookware sets,desktop,5516038,Choosing the Best Cookware for Your Kitchen,Devon Scott,1.83,7.98,1,44
2025-06-07,casamira_kitchenware_seasonallaunch,Casamira Kitchenware Seasonallaunch,9177,ceramic dinnerware,tablet,7744355,Ceramic Dinnerware That Elevates Any Table,Jamie Thompson,1.14,2.6,1,20
2025-06-11,casamira_kitchenware_seasonallaunch,Casamira Kitchenware Seasonallaunch,9177,ceramic dinnerware,tablet,9679446,Stylish Ceramic Sets for Every Occasion,Cameron White,2.13,14.91,2,87
2025-06-14,casamira_kitchenware_seasonallaunch,Casamira Kitchenware Seasonallaunch,3832,nonstick pans 2025,desktop,1332583,Top Nonstick Pans to Upgrade Your Cooking,Reagan Allen,1.07,7.51,1,17
2025-06-17,casamira_kitchenware_seasonallaunch,Casamira Kitchenware Seasonallaunch,9177,ceramic dinnerware,tablet,7744355,Ceramic Dinnerware That Elevates Any Table,Jamie Thompson,0.93,7.47,1,26
2025-06-22,casamira_kitchenware_seasonallaunch,Casamira Kitchenware Seasonallaunch,2327,kitchenware sale,desktop,3539626,Must-Have Kitchenware on Sale Now,Jordan Lee,1.73,11.11,1,13
2025-06-22,casamira_kitchenware_seasonallaunch,Casamira Kitchenware Seasonallaunch,3832,nonstick pans 2025,desktop,1332583,Top Nonstick Pans to Upgrade Your Cooking,Reagan Allen,1.24,3.33,1,11
2025-06-25,casamira_kitchenware_seasonallaunch,Casamira Kitchenware Seasonallaunch,2327,kitchenware sale,desktop,5499959,How to Stock Your Kitchen Affordably,Morgan Davis,1.98,11.5,1,45
2025-06-28,casamira_kitchenware_seasonallaunch,Casamira Kitchenware Seasonallaunch,2631,new kitchen products,desktop,8947680,Innovative Tools and Gadgets for Home Cooking,Quinn Clark,2.33,1.92,1,15