date,article_id,article_title,article_author,impressions
2024-03-04,1659786,Top 10 Running Shoes to Spring Into Shape,Riley Wilson,23
2024-03-04,8551495,Must-Have Sneakers for 2024,Hayden Walker,11
2024-03-05,4614018,How to Find Sneaker Deals Without Sacrificing Style,Quinn Clark,23
2024-03-05,8551495,Must-Have Sneakers for 2024,Hayden Walker,27
2024-03-11,7615783,Spring Running Essentials: Shoes and Gear,Alex Johnson,42
2024-03-13,5112506,Best Women’s Walking Shoes for Spring Strolls,Hayden Walker,9
2024-03-13,8174638,Sneaker Styles You’ll Love This Year,Morgan Davis,15
2024-03-14,5753320,How to Choose the Perfect Running Shoe This Season,Cameron White,5
2024-03-18,3613000,Lightweight Sneakers for Travel and Running,Reagan Allen,13
2024-03-20,1681449,Men's Trainer Buying Guide: Comfort Meets Style,Riley Wilson,42
2024-03-20,4614018,How to Find Sneaker Deals Without Sacrificing Style,Quinn Clark,24
2024-03-21,4616433,How to Pick Walking Shoes for Warm Weather,Casey Brown,32
2024-03-27,9918796,Spring Walking Shoes That Blend Comfort and Fashion,Emerson Young,44
2024-03-28,1689493,Best Lightweight Sneakers to Grab on Sale,Jamie Thompson,20
2024-04-01,2622949,Why Breathable Trainers Are a Must for Men,Dakota Garcia,43
2024-04-02,2622949,Why Breathable Trainers Are a Must for Men,Dakota Garcia,49
2024-04-05,1659786,Top 10 Running Shoes to Spring Into Shape,Riley Wilson,32
2024-04-08,1689493,Best Lightweight Sneakers to Grab on Sale,Jamie Thompson,28
2024-04-11,2622949,Why Breathable Trainers Are a Must for Men,Dakota Garcia,14
2024-04-11,8551495,Must-Have Sneakers for 2024,Hayden Walker,43
2024-05-20,1988453,Top High Tops for Fashion and Comfort,Sydney Lewis,40
2024-05-20,8661037,How to Style Men’s Streetwear Sneakers,Morgan Davis,35
2024-05-22,2329279,Must-Have Sneakers for Urban Fashion,Avery Martinez,14
2024-05-22,3182119,Collectible Street Shoes Worth Buying,Reagan Allen,44
2024-05-24,2484649,Urban Shoe Styles on Sale This Month,Taylor Smith,37
2024-05-25,2484649,Urban Shoe Styles on Sale This Month,Taylor Smith,49
2024-05-27,3167470,Top Streetwear Sneakers for Men,Skyler Wright,29
2024-05-27,5455015,Trendy High Tops Every Woman Needs,Reagan Allen,38
2024-05-28,5027243,Casual Sneakers Under $100 You’ll Love,Taylor Smith,14
2024-05-31,2137248,Affordable Sneakers for All-Day Comfort,Parker Hall,7
2024-06-01,3182119,Collectible Street Shoes Worth Buying,Reagan Allen,8
2024-06-03,9561906,Cotton T Shirts for a Sustainable Wardrobe,Morgan Davis,10
2024-06-04,5455015,Trendy High Tops Every Woman Needs,Reagan Allen,35
2024-06-05,3255038,Tips for Building a Green Wardrobe,Alex Johnson,16
2024-06-05,5455015,Trendy High Tops Every Woman Needs,Reagan Allen,42
2024-06-07,6546234,How to Choose the Best Urban Shoes,Avery Martinez,50
2024-06-08,3508093,Eco-Friendly Summer Wear to Stay Cool,Cameron White,43
2024-06-09,4120575,Sustainable Basics That Lasts,Cameron White,50
2024-06-10,3222499,Limited Edition Street Shoes to Watch,Morgan Davis,46
2024-06-13,3508093,Eco-Friendly Summer Wear to Stay Cool,Cameron White,7
2024-06-13,6702968,Sleek Living Room Design Ideas,Cameron White,14
2024-06-13,7520225,Quick Tips to Refresh Your Home Style,Morgan Davis,34
2024-06-14,5027243,Casual Sneakers Under $100 You’ll Love,Taylor Smith,21
2024-06-14,9561906,Cotton T Shirts for a Sustainable Wardrobe,Morgan Davis,38
2024-06-15,3508093,Eco-Friendly Summer Wear to Stay Cool,Cameron White,10
2024-06-15,9602993,How to Mix Affordable Accents for a Chic Look,Hayden Walker,43
2024-06-21,1256389,Affordable Home Makeover Ideas,Cameron White,13
2024-06-22,3701765,5 Easy Summer Home Updates,Taylor Smith,40
2024-06-22,5925647,Best Affordable Summer Shorts,Payton Green,11
2024-06-24,4120575,Sustainable Basics That Lasts,Cameron White,13
2024-06-24,9393656,How to Mix and Match for Effortless Style,Alex Johnson,45
2024-06-24,9603850,Stylish Home Accessories on a Budget,Cameron White,44
2024-06-25,5868450,How to Choose the Right Living Room Set,Parker Hall,22
2024-06-25,6546234,How to Choose the Best Urban Shoes,Avery Martinez,12
2024-06-25,6794200,Modern Living Room Sets That Wow,Quinn Clark,20
2024-06-26,1988453,Top High Tops for Fashion and Comfort,Sydney Lewis,41
2024-06-26,5925647,Best Affordable Summer Shorts,Payton Green,37
2024-06-26,7865273,How to Update Your Home Without Renovation,Emerson Young,5
2024-06-28,3255038,Tips for Building a Green Wardrobe,Alex Johnson,20
2024-06-28,4466633,Trending Urban Shoes for Every Season,Jamie Thompson,19
2024-06-29,6794200,Modern Living Room Sets That Wow,Quinn Clark,36
2024-06-30,3701765,5 Easy Summer Home Updates,Taylor Smith,15
2024-06-30,8880787,Linen Shorts for Warm Weather,Reagan Allen,50
2024-07-01,1526399,Minimalist Wall Art Pieces You’ll Love,Alex Johnson,17
2024-07-01,8880787,Linen Shorts for Warm Weather,Reagan Allen,9
2024-07-01,9393656,How to Mix and Match for Effortless Style,Alex Johnson,30
2024-07-03,3139932,Best Deals on Furniture and Decor,Quinn Clark,36
2024-07-04,1252938,Discount Furniture Online You Can Trust,Skyler Wright,14
2024-07-04,7865273,How to Update Your Home Without Renovation,Emerson Young,5
2024-07-04,9561906,Cotton T Shirts for a Sustainable Wardrobe,Morgan Davis,37
2024-07-05,3139932,Best Deals on Furniture and Decor,Quinn Clark,38
2024-07-07,3201724,How to Decorate on a Budget,Riley Wilson,23
2024-07-07,3701765,5 Easy Summer Home Updates,Taylor Smith,25
2024-07-07,7520225,Quick Tips to Refresh Your Home Style,Morgan Davis,36
2024-07-08,3201724,How to Decorate on a Budget,Riley Wilson,36
2024-07-10,1722747,Budget Accessories for Every Room,Riley Wilson,38
2024-07-10,9393656,How to Mix and Match for Effortless Style,Alex Johnson,7
2024-07-11,4292908,Tips for Scoring the Top Furniture,Payton Green,49
2024-07-11,5868450,How to Choose the Right Living Room Set,Parker Hall,29
2024-07-12,1252938,Discount Furniture Online You Can Trust,Skyler Wright,40
2024-07-12,2178762,Summer Décor Deals That Refresh Your Home,Morgan Davis,38
2024-07-12,4472125,Neutral Wardrobe Staples Everyone Needs,Taylor Smith,6
2024-07-12,5449145,Affordable Seasonal Decorating Ideas,Quinn Clark,13
2024-07-12,9603850,Stylish Home Accessories on a Budget,Cameron White,45
2024-07-13,3255038,Tips for Building a Green Wardrobe,Alex Johnson,34
2024-07-13,4292908,Tips for Scoring the Top Furniture,Payton Green,8
2024-07-14,1526399,Minimalist Wall Art Pieces You’ll Love,Alex Johnson,38
2024-07-14,5449145,Affordable Seasonal Decorating Ideas,Quinn Clark,8
2024-07-15,1449546,Premium Bedding Discounts You Can’t Miss,Hayden Walker,24
2024-07-15,2056952,Linen Duvet Cover Sale: Affordable Luxury,Jordan Lee,50
2024-07-15,3449021,Minimalist Bed Linens That Transform Your Bedroom,Jordan Lee,44
2024-07-15,4350957,Last Chance: Don’t Miss These Deals,Devon Scott,10
2024-07-15,7696595,Soft Pillowcases Online for Ultimate Comfort,Reagan Allen,21
2024-07-15,8671190,How to Choose the Perfect Sheets and Covers,Reagan Allen,59
2024-07-16,2056952,Linen Duvet Cover Sale: Affordable Luxury,Jordan Lee,20
2024-07-16,3954646,How to Style Your Bedroom in Scandinavian Fashion,Hayden Walker,20
2024-07-16,6336176,How to Find Luxury Bedding on a Budget,Alex Johnson,57
2024-07-16,7112469,Tips for Choosing the Right Linen Bedding,Jordan Lee,59
2024-07-16,7696595,Soft Pillowcases Online for Ultimate Comfort,Reagan Allen,31
2024-07-16,7778644,Best Materials for a Restful Night,Payton Green,24
2024-07-17,1449546,Premium Bedding Discounts You Can’t Miss,Hayden Walker,20
2024-07-17,7778644,Best Materials for a Restful Night,Payton Green,37
2024-07-17,9025425,Scandinavian Bedding Sets for a Minimalist Look,Payton Green,43
2024-07-19,1526399,Minimalist Wall Art Pieces You’ll Love,Alex Johnson,15
2024-07-20,1673861,How to Find Quality Pieces Without Paying Full Price,Parker Hall,33
2024-07-21,3139932,Best Deals on Furniture and Decor,Quinn Clark,33
2024-07-22,1510491,How to Grab Furniture Before They’re Gone,Jordan Lee,22
2024-07-23,2178762,Summer Décor Deals That Refresh Your Home,Morgan Davis,12
2024-07-23,5449145,Affordable Seasonal Decorating Ideas,Quinn Clark,23
2024-07-27,1722747,Budget Accessories for Every Room,Riley Wilson,24
2024-07-28,4350957,Last Chance: Don’t Miss These Deals,Devon Scott,9
2024-07-29,1722747,Budget Accessories for Every Room,Riley Wilson,23
2024-08-02,1221085,Best Graphic Hoodies for Every Season,Parker Hall,20
2024-08-06,9890715,Top Cargo Pants Picks for 2024,Hayden Walker,47
2024-08-09,6377484,How to Master Gender-Neutral Streetwear,Casey Brown,39
2024-08-12,1221085,Best Graphic Hoodies for Every Season,Parker Hall,19
2024-08-13,2928245,How to Pair Hoodies with Streetwear Looks,Dakota Garcia,22
2024-08-14,1221085,Best Graphic Hoodies for Every Season,Parker Hall,10
2024-08-14,6600980,How to Build a Trendy Urban Wardrobe,Payton Green,39
2024-08-14,7928909,How to Look Effortless Yet Polished,Reagan Allen,43
2024-08-15,6600980,How to Build a Trendy Urban Wardrobe,Payton Green,12
2024-08-17,9890715,Top Cargo Pants Picks for 2024,Hayden Walker,35
2024-08-20,7928909,How to Look Effortless Yet Polished,Reagan Allen,9
2024-08-20,8832321,Easy Outfit Ideas for Casual Style,Hayden Walker,21
2024-08-21,4615639,Styling Tips for Casual Streetwear Looks,Sydney Lewis,44
2024-08-22,7606464,Fashion Ideas That Work for Everyone,Rowan King,9
2024-08-23,1704630,How to Style Cargo Pants for Any Occasion,Riley Wilson,41
2024-08-23,7606464,Fashion Ideas That Work for Everyone,Rowan King,27
2024-08-24,1704630,How to Style Cargo Pants for Any Occasion,Riley Wilson,33
2024-08-24,4615639,Styling Tips for Casual Streetwear Looks,Sydney Lewis,16
2024-08-27,8832321,Easy Outfit Ideas for Casual Style,Hayden Walker,8
2024-08-28,1221085,Best Graphic Hoodies for Every Season,Parker Hall,40
2024-08-30,4615639,Styling Tips for Casual Streetwear Looks,Sydney Lewis,47
2024-09-01,7240983,Best Flannel Shirts to Buy on Sale,Jamie Thompson,27
2024-09-03,4196717,Cotton Sweater Styles to Elevate Your Wardrobe,Quinn Clark,15
2024-09-03,6872665,How to Care for Your Cotton Sweaters,Skyler Wright,11
2024-09-08,2051852,How to Layer Flannel Shirts for Cozy Comfort,Parker Hall,48
2024-09-10,2404641,How to Build a Timeless Autumn Wardrobe,Jamie Thompson,6
2024-09-11,2588835,Choosing the Softest Cotton Sweaters for Comfort,Hayden Walker,22
2024-09-12,4268894,Top Fleece Hoodies on Sale Right Now,Riley Wilson,20
2024-09-12,7240983,Best Flannel Shirts to Buy on Sale,Jamie Thompson,13
2024-09-13,2039340,10 Cozy Fall Outfits Every Woman Needs,Emerson Young,23
2024-09-20,6057959,Top Flannel Shirt Styles for Fall,Quinn Clark,6
2024-09-23,1751187,How to Mix and Match Cozy Fall Pieces,Taylor Smith,14
2024-09-24,6057959,Top Flannel Shirt Styles for Fall,Quinn Clark,15
2024-09-24,9344651,Fall Wardrobe Staples for Women,Taylor Smith,39
2024-09-25,1596470,Fall Fashion Staples You Can’t Miss,Casey Brown,19
2024-09-25,9818936,Must-Have Autumn Wardrobe Essentials,Dakota Garcia,19
2024-09-26,1596470,Fall Fashion Staples You Can’t Miss,Casey Brown,32
2024-09-27,9344651,Fall Wardrobe Staples for Women,Taylor Smith,37
2024-09-28,3123632,How to Style Fleece Hoodies for Everyday Wear,Avery Martinez,10
2024-09-29,2588835,Choosing the Softest Cotton Sweaters for Comfort,Hayden Walker,23
2024-09-29,4195556,Fleece Hoodies That Combine Comfort and Style,Payton Green,34
2024-10-20,1825322,How to Choose the Right Scent and Style,Devon Scott,16
2024-10-29,7946512,How to Light Your Home for Maximum Comfort,Riley Wilson,40
2024-11-01,3691405,How to Pick the Perfect Gift for a Warm Home,Taylor Smith,14
2024-11-01,8873518,Tips for Decorating on a Budget,Jordan Lee,21
2024-11-05,4485380,Rustic Candles Online to Elevate Your Home,Morgan Davis,18
2024-11-06,2059600,Winter Robe Styles You’ll Love,Dakota Garcia,22
2024-11-06,5726731,How to Stay Warm This Winter in Style,Cameron White,28
2024-11-09,1825322,How to Choose the Right Scent and Style,Devon Scott,36
2024-11-09,7931656,Best Pajamas for Cold Nights,Riley Wilson,44
2024-11-16,1221696,Warm Lighting Decor Ideas to Create Ambiance,Jordan Lee,9
2024-11-16,2195085,How to Dress to Impress for Celebrations,Morgan Davis,21
2024-11-16,4863488,Holiday Outfit Inspiration for Parties and Gatherings,Hayden Walker,36
2024-11-17,1248956,Best Heated Throws Available Online,Parker Hall,33
2024-11-18,4485380,Rustic Candles Online to Elevate Your Home,Morgan Davis,39
2024-11-19,1726224,Best Luxury Winter Robes for Chilly Nights,Jordan Lee,33
2024-11-20,8264409,How to Style Velvet for Every Occasion,Hayden Walker,33
2024-11-21,3877930,Velvet Dresses That Will Turn Heads,Devon Scott,32
2024-11-24,8740993,How to Layer and Accessorize for Cold Weather,Morgan Davis,14
2024-11-24,9240757,Cozy Up: Winter Essentials Guide,Sydney Lewis,41
2024-11-25,4485380,Rustic Candles Online to Elevate Your Home,Morgan Davis,5
2024-11-26,8740993,How to Layer and Accessorize for Cold Weather,Morgan Davis,19
2024-11-27,1935126,How to Dress Festively This Season,Devon Scott,32
2024-11-28,8873518,Tips for Decorating on a Budget,Jordan Lee,6
2024-11-30,3253508,New Year’s Party Outfits to Ring in the Year,Casey Brown,50
2024-12-02,7931656,Best Pajamas for Cold Nights,Riley Wilson,6
2024-12-04,7496650,Winter Home Accents to Brighten Your Space,Parker Hall,38
2024-12-04,9029582,Winter Lookbook for Women: Trendy Styles,Jamie Thompson,41
2024-12-04,9523416,Transform Your Home with Seasonal Decor,Skyler Wright,36
2024-12-05,1218019,Cozy Blanket Sets to Transform Your Living Room,Emerson Young,46
2024-12-07,1116799,Tips for Creating Holiday Looks That Shine,Riley Wilson,29
2024-12-08,8873518,Tips for Decorating on a Budget,Jordan Lee,36
2024-12-08,9087575,Top Warm Pajamas for Women,Dakota Garcia,5
2024-12-09,1248956,Best Heated Throws Available Online,Parker Hall,45
2024-12-12,2195085,How to Dress to Impress for Celebrations,Morgan Davis,7
2024-12-13,1726224,Best Luxury Winter Robes for Chilly Nights,Jordan Lee,16
2024-12-13,9673896,Top Cozy Blankets for Winter,Hayden Walker,21
2024-12-14,1116799,Tips for Creating Holiday Looks That Shine,Riley Wilson,32
2024-12-15,3877930,Velvet Dresses That Will Turn Heads,Devon Scott,6
2024-12-16,1218019,Cozy Blanket Sets to Transform Your Living Room,Emerson Young,16
2024-12-16,9240757,Cozy Up: Winter Essentials Guide,Sydney Lewis,21
2024-12-17,1248956,Best Heated Throws Available Online,Parker Hall,11
2024-12-17,7496650,Winter Home Accents to Brighten Your Space,Parker Hall,28
2024-12-18,8740993,How to Layer and Accessorize for Cold Weather,Morgan Davis,27
2024-12-19,1218019,Cozy Blanket Sets to Transform Your Living Room,Emerson Young,26
2024-12-19,3253508,New Year’s Party Outfits to Ring in the Year,Casey Brown,48
2024-12-19,5726731,How to Stay Warm This Winter in Style,Cameron White,49
2024-12-19,6286170,Cozy Home Gift Ideas for Friends and Family,Dakota Garcia,17
2024-12-20,7946512,How to Light Your Home for Maximum Comfort,Riley Wilson,11
2024-12-22,1116799,Tips for Creating Holiday Looks That Shine,Riley Wilson,14
2024-12-22,4863488,Holiday Outfit Inspiration for Parties and Gatherings,Hayden Walker,8
2024-12-23,6286170,Cozy Home Gift Ideas for Friends and Family,Dakota Garcia,38
2024-12-24,3253508,New Year’s Party Outfits to Ring in the Year,Casey Brown,18
2024-12-24,9523416,Transform Your Home with Seasonal Decor,Skyler Wright,21
2024-12-26,8873518,Tips for Decorating on a Budget,Jordan Lee,50
2024-12-30,9523416,Transform Your Home with Seasonal Decor,Skyler Wright,12
2025-01-05,2377022,Affordable Storage Bins to Organize Your Home,Taylor Smith,24
2025-01-06,5060969,Modern Kitchen Essentials to Upgrade Your Space,Jamie Thompson,18
2025-01-08,3705900,Must-Have Tools for Every Home Chef,Taylor Smith,25
2025-01-09,3917975,Everyday Cleaning Tools That Make Life Easier,Alex Johnson,42
2025-01-10,5060969,Modern Kitchen Essentials to Upgrade Your Space,Jamie Thompson,9
2025-01-13,6467011,How to Choose the Right Pots and Pans,Jordan Lee,25
2025-01-13,8053139,Home Organization Ideas That Work,Reagan Allen,30
2025-01-18,1648307,Tips to Declutter and Beautify Your Space,Payton Green,8
2025-01-18,8053139,Home Organization Ideas That Work,Reagan Allen,6
2025-01-21,6467011,How to Choose the Right Pots and Pans,Jordan Lee,49
2025-01-22,3047254,Creative Ideas for Clutter-Free Living,Alex Johnson,31
2025-01-22,6467011,How to Choose the Right Pots and Pans,Jordan Lee,6
2025-01-23,9023208,Minimalist Cookware Sets for Sleek Kitchens,Dakota Garcia,45
2025-01-25,5060969,Modern Kitchen Essentials to Upgrade Your Space,Jamie Thompson,42
2025-01-26,3917975,Everyday Cleaning Tools That Make Life Easier,Alex Johnson,43
2025-01-27,3047254,Creative Ideas for Clutter-Free Living,Alex Johnson,30
2025-01-27,3291057,How to Keep Your Home Sparkling,Riley Wilson,48
2025-01-28,1648307,Tips to Declutter and Beautify Your Space,Payton Green,11
2025-01-28,3047254,Creative Ideas for Clutter-Free Living,Alex Johnson,47
2025-01-28,9023208,Minimalist Cookware Sets for Sleek Kitchens,Dakota Garcia,34
2025-02-01,6400149,Best Basic Tees for Your Wardrobe,Sydney Lewis,11
2025-02-03,1580010,How to Build a Basic Wardrobe Around Simple Tees,Emerson Young,13
2025-02-04,3152478,Casual Workwear for Women That Looks Professional,Avery Martinez,47
2025-02-06,6400149,Best Basic Tees for Your Wardrobe,Sydney Lewis,16
2025-02-08,2508366,How to Choose the Right Cotton Pants for Everyday Wear,Jamie Thompson,33
2025-02-10,1580010,How to Build a Basic Wardrobe Around Simple Tees,Emerson Young,17
2025-02-10,3152478,Casual Workwear for Women That Looks Professional,Avery Martinez,42
2025-02-11,6400149,Best Basic Tees for Your Wardrobe,Sydney Lewis,36
2025-02-12,9896060,Stylish Yet Comfortable Office Outfits,Taylor Smith,15
2025-02-13,6400149,Best Basic Tees for Your Wardrobe,Sydney Lewis,5
2025-02-16,3070151,Tips for Dressing Well Without Sacrificing Comfort,Skyler Wright,44
2025-02-16,3625666,Everyday T Shirts That Go With Everything,Sydney Lewis,11
2025-02-16,8340911,How to Incorporate Sustainable Shirts into Your Wardrobe,Dakota Garcia,8
2025-02-18,5558440,How to Incorporate Eco-Friendly Fashion,Dakota Garcia,7
2025-02-19,2567329,Sustainable Fashion Pieces Worth Trying,Reagan Allen,21
2025-02-19,9896060,Stylish Yet Comfortable Office Outfits,Taylor Smith,31
2025-02-22,8340911,How to Incorporate Sustainable Shirts into Your Wardrobe,Dakota Garcia,18
2025-02-22,9167968,How to Wear Sustainable Hoodies in Style,Sydney Lewis,21
2025-02-23,3070151,Tips for Dressing Well Without Sacrificing Comfort,Skyler Wright,64
2025-02-24,2508366,How to Choose the Right Cotton Pants for Everyday Wear,Jamie Thompson,10
2025-02-25,5330249,Cotton Pants Online: Soft and Stylish,Skyler Wright,26
2025-02-26,6400149,Best Basic Tees for Your Wardrobe,Sydney Lewis,28
2025-02-26,9605678,How to Shop Responsibly,Alex Johnson,78
2025-02-27,5330249,Cotton Pants Online: Soft and Stylish,Skyler Wright,13
2025-02-27,9167968,How to Wear Sustainable Hoodies in Style,Sydney Lewis,50
2025-02-28,5558440,How to Incorporate Eco-Friendly Fashion,Dakota Garcia,16
2025-03-02,2959153,Best Boots for Every Adventure,Payton Green,13
2025-03-02,4564224,Must-Know Brands for Ethical Fashion,Hayden Walker,24
2025-03-02,9593299,How to Build a Responsible Wardrobe,Devon Scott,35
2025-03-03,8340911,How to Incorporate Sustainable Shirts into Your Wardrobe,Dakota Garcia,44
2025-03-05,9041017,Stylish Eco-Friendly Outfits to Try,Casey Brown,31
2025-03-06,9167968,How to Wear Sustainable Hoodies in Style,Sydney Lewis,37
2025-03-06,9593299,How to Build a Responsible Wardrobe,Devon Scott,45
2025-03-06,9605678,How to Shop Responsibly,Alex Johnson,7
2025-03-08,8340911,How to Incorporate Sustainable Shirts into Your Wardrobe,Dakota Garcia,23
2025-03-09,2835547,Stylish Options for Green Living,Jamie Thompson,11
2025-03-09,9041017,Stylish Eco-Friendly Outfits to Try,Casey Brown,49
2025-03-10,4564224,Must-Know Brands for Ethical Fashion,Hayden Walker,36
2025-03-11,3692441,How to Choose the Right Hiking Boots for Outdoor Adventures,Skyler Wright,26
2025-03-12,4564224,Must-Know Brands for Ethical Fashion,Hayden Walker,22
2025-03-14,3692441,How to Choose the Right Hiking Boots for Outdoor Adventures,Skyler Wright,27
2025-03-17,4709493,How to Equip Yourself for Any Trail,Hayden Walker,9
2025-03-18,5639437,How to Shop Sneakers on Your Phone,Taylor Smith,21
2025-03-19,4025925,Hiking Boots for Women That Fit Perfectly,Jordan Lee,42
2025-03-19,6436403,Durable Trail Shoes That Last,Devon Scott,26
2025-03-20,5387692,Men’s Hiking Footwear That Combines Comfort and Style,Sydney Lewis,33
2025-03-20,7532503,Top Picks for Long-Lasting Hiking Footwear,Morgan Davis,25
2025-03-21,2959153,Best Boots for Every Adventure,Payton Green,32
2025-03-21,4025925,Hiking Boots for Women That Fit Perfectly,Jordan Lee,49
2025-03-23,2959153,Best Boots for Every Adventure,Payton Green,50
2025-03-23,4025925,Hiking Boots for Women That Fit Perfectly,Jordan Lee,20
2025-03-23,4709493,How to Equip Yourself for Any Trail,Hayden Walker,5
2025-03-23,7532503,Top Picks for Long-Lasting Hiking Footwear,Morgan Davis,13
2025-03-24,6540085,How to Spot the Best Limited Edition Sneakers,Quinn Clark,33
2025-03-26,5387692,Men’s Hiking Footwear That Combines Comfort and Style,Sydney Lewis,8
2025-03-27,4709493,How to Equip Yourself for Any Trail,Hayden Walker,13
2025-03-27,8374907,Waterproof Hiking Boots for Every Trail,Hayden Walker,42
2025-03-28,4173796,Best Picks for Long Runs,Skyler Wright,20
2025-03-28,8220678,Sneaker Drop Tips for Collectors,Taylor Smith,13
2025-03-29,8220678,Sneaker Drop Tips for Collectors,Taylor Smith,37
2025-03-30,7437783,Must-Have Sneakers for Every Collector,Cameron White,26
2025-03-31,6494771,Sneaker Trends That Are Here to Stay,Casey Brown,45
2025-04-01,8709348,Running Shirts to Stay Cool,Hayden Walker,21
2025-04-01,9308409,How to Score Deals on Performance Wear,Skyler Wright,32
2025-04-04,5639437,How to Shop Sneakers on Your Phone,Taylor Smith,24
2025-04-05,2929448,Leggings That Combine Comfort and Style,Skyler Wright,31
2025-04-06,8644765,Tips for Buying Exclusive Sneakers,Reagan Allen,33
2025-04-07,4173796,Best Picks for Long Runs,Skyler Wright,28
2025-04-08,3103893,How to Grab Limited Releases Quickly,Jordan Lee,21
2025-04-08,5639437,How to Shop Sneakers on Your Phone,Taylor Smith,23
2025-04-08,6540085,How to Spot the Best Limited Edition Sneakers,Quinn Clark,16
2025-04-09,4586735,Shorts for Running and Gym,Jamie Thompson,36
2025-04-10,1188163,How to Pick the Right Cotton Bathrobe,Taylor Smith,30
2025-04-10,1627537,Marathon Training Gear You Need to Succeed,Jordan Lee,33
2025-04-10,6494771,Sneaker Trends That Are Here to Stay,Casey Brown,39
2025-04-10,6540085,How to Spot the Best Limited Edition Sneakers,Quinn Clark,45
2025-04-10,7437783,Must-Have Sneakers for Every Collector,Cameron White,49
2025-04-10,9308409,How to Score Deals on Performance Wear,Skyler Wright,22
2025-04-11,8709348,Running Shirts to Stay Cool,Hayden Walker,39
2025-04-12,2684908,Top Leggings for Every Workout,Hayden Walker,41
2025-04-12,3078380,How to Pick the Best Materials for Training,Sydney Lewis,47
2025-04-12,4173796,Best Picks for Long Runs,Skyler Wright,44
2025-04-12,7103188,How to Pick the Perfect Bath Mat,Hayden Walker,30
2025-04-13,1627537,Marathon Training Gear You Need to Succeed,Jordan Lee,27
2025-04-14,2929448,Leggings That Combine Comfort and Style,Skyler Wright,9
2025-04-15,1344705,Top Luxury Towels Worth Investing In,Devon Scott,34
2025-04-15,4409711,Elegant Spa Décor Ideas for Your Bathroom,Devon Scott,45
2025-04-15,4627313,Best Deals on Plush Robes,Avery Martinez,48
2025-04-15,6323974,How to Create a Relaxing Home Spa,Rowan King,44
2025-04-16,9943847,Tips to Modernize Your Bathroom on a Budget,Morgan Davis,12
2025-04-17,1188163,How to Pick the Right Cotton Bathrobe,Taylor Smith,37
2025-04-18,9308409,How to Score Deals on Performance Wear,Skyler Wright,39
2025-04-19,6815869,Affordable Ways to Upgrade Your Bathroom,Dakota Garcia,50
2025-04-20,2684908,Top Leggings for Every Workout,Hayden Walker,48
2025-04-20,6323974,How to Create a Relaxing Home Spa,Rowan King,48
2025-04-23,1627537,Marathon Training Gear You Need to Succeed,Jordan Lee,34
2025-04-24,8709348,Running Shirts to Stay Cool,Hayden Walker,5
2025-04-24,8853332,Best Options for Comfort and Mobility,Emerson Young,43
2025-04-25,1344705,Top Luxury Towels Worth Investing In,Devon Scott,8
2025-04-26,1627537,Marathon Training Gear You Need to Succeed,Jordan Lee,7
2025-04-26,2929448,Leggings That Combine Comfort and Style,Skyler Wright,36
2025-04-26,8853332,Best Options for Comfort and Mobility,Emerson Young,13
2025-04-27,1142247,Soft Bath Mats for Maximum Comfort,Payton Green,12
2025-04-27,1627537,Marathon Training Gear You Need to Succeed,Jordan Lee,16
2025-04-27,4586735,Shorts for Running and Gym,Jamie Thompson,36
2025-04-29,1344705,Top Luxury Towels Worth Investing In,Devon Scott,50
2025-04-29,3078380,How to Pick the Best Materials for Training,Sydney Lewis,22
2025-04-29,8853332,Best Options for Comfort and Mobility,Emerson Young,14
2025-05-01,6815869,Affordable Ways to Upgrade Your Bathroom,Dakota Garcia,9
2025-05-01,9943847,Tips to Modernize Your Bathroom on a Budget,Morgan Davis,23
2025-05-03,3637028,Choosing the Right Compression Gear for Training,Emerson Young,44
2025-05-04,9706178,Affordable Men’s Activewear Options,Hayden Walker,47
2025-05-06,7103188,How to Pick the Perfect Bath Mat,Hayden Walker,45
2025-05-06,7517505,Stylish Gym Outfits for Women,Emerson Young,31
2025-05-09,4627313,Best Deals on Plush Robes,Avery Martinez,5
2025-05-10,2949889,Top Workout Gear for Peak Performance,Skyler Wright,48
2025-05-10,9839316,Must-Have Pieces for Your Active Lifestyle,Cameron White,29
2025-05-11,8981371,Best Performance Workout Gear for Athletes,Morgan Davis,15
2025-05-12,2949889,Top Workout Gear for Peak Performance,Skyler Wright,40
2025-05-13,7517505,Stylish Gym Outfits for Women,Emerson Young,49
2025-05-13,8130934,How to Build the Perfect Workout Wardrobe,Alex Johnson,40
2025-05-14,9706178,Affordable Men’s Activewear Options,Hayden Walker,31
2025-05-16,7332553,Running Compression Shorts That Improve Performance,Rowan King,48
2025-05-22,1950178,Modern Cookware Sets for Every Chef,Dakota Garcia,30
2025-05-22,5516038,Choosing the Best Cookware for Your Kitchen,Devon Scott,24
2025-05-22,7332553,Running Compression Shorts That Improve Performance,Rowan King,36
2025-05-23,8981371,Best Performance Workout Gear for Athletes,Morgan Davis,6
2025-05-24,3539626,Must-Have Kitchenware on Sale Now,Jordan Lee,43
2025-05-25,7332553,Running Compression Shorts That Improve Performance,Rowan King,7
2025-05-25,9636132,How to Choose Quality Men’s Athletic Wear,Sydney Lewis,15
2025-05-26,5325173,Best Activewear Trends to Watch in 2025,Quinn Clark,38
2025-05-27,1621279,Top Men’s Activewear Picks on Discount,Parker Hall,15
2025-05-27,2910609,Must-Have Kitchen Products for 2025,Hayden Walker,5
2025-05-27,5325173,Best Activewear Trends to Watch in 2025,Quinn Clark,43
2025-05-28,3637028,Choosing the Right Compression Gear for Training,Emerson Young,22
2025-05-28,5957683,How to Choose the Right Pan,Quinn Clark,5
2025-05-31,7744355,Ceramic Dinnerware That Elevates Any Table,Jamie Thompson,13
2025-06-02,2910609,Must-Have Kitchen Products for 2025,Hayden Walker,8
2025-06-07,5516038,Choosing the Best Cookware for Your Kitchen,Devon Scott,44
2025-06-07,7744355,Ceramic Dinnerware That Elevates Any Table,Jamie Thompson,20
2025-06-11,9679446,Stylish Ceramic Sets for Every Occasion,Cameron White,87
2025-06-14,1332583,Top Nonstick Pans to Upgrade Your Cooking,Reagan Allen,17
2025-06-17,7744355,Ceramic Dinnerware That Elevates Any Table,Jamie Thompson,26
2025-06-22,1332583,Top Nonstick Pans to Upgrade Your Cooking,Reagan Allen,11
2025-06-22,3539626,Must-Have Kitchenware on Sale Now,Jordan Lee,13
2025-06-25,5499959,How to Stock Your Kitchen Affordably,Morgan Davis,45
2025-06-28,8947680,Innovative Tools and Gadgets for Home Cooking,Quinn Clark,15